userid,name,surname,cf,birthday,language
I3K8Wlj3Pgxpw2dY,Qbxlaxbktls,Ifyaooj,3Z5TSDG3446YJTI0,1917-04-15,ori
cZzXrCWgu1IiU0Ga,Itluvhflcyv,Xiwqcpw,MB82CBZCOHF0XQ0V,1997-10-21,hnu
Zz5rgHdg7gOQEqjC,Tlpgkoaatry,Uizgrlo,Q4QBD6MSEONBOVX8,2012-06-05,nll
3ycrLzQy08WBXRry,Tgabmksdmwn,Zwardfj,Q03XM3AI1CSRHL4B,1987-07-08,cbs
cX1RwvNqw1v4uWVc,Vsrfpndeihy,Ddcklru,P7NY5D8XNOLG4RL1,2003-02-23,aig
eh44f73luKY8adib,Jvankkoueee,Gpoessu,UAQ61KNII2CEMSK3,1998-09-16,mzy
9ZxQfoEOL6YOqlkM,Evhukncuvld,Qteseap,1010G8X45KTMUR3Z,1997-08-26,ahb
ArPML2CBVqNTawPq,Rwwumduohsw,Grnhowc,JYMISO2N58N4TNCE,1908-09-13,bte
lVwfeQxAVSOvJMFm,Zydhseskzeh,Ribclub,0BBIFT0WCEVP3Z9A,2000-12-22,xwj
AWVU5iDflG6FLZQw,Xduauosgzji,Xgeitui,U79Z9BFPS7DV197H,1979-12-30,hvv
bNvAvFvGrd102n2b,Wgciqhkwegm,Dxtnroz,FQTCMMGYN8GXKJB0,1922-11-08,kth
jCrWPUjnvxBNWURd,Zyzzycwozuj,Zhutoaw,GZAS9AUFQN072NUO,1961-02-10,yna
gYFuO7GAt5K7ldGA,Zkgeskpfytu,Zmhpuge,KUDHK85P5JI2GIQF,1966-12-06,kna
EfQ4PFpCZzbjFm3k,Ldamahcdrdv,Azrykad,MCMAWTV3GYZBV4XL,1972-09-07,mkj
ukuk924JGJ4rzb1u,Ifsgquvlnfz,Zgtuzcv,K25YOV72WUC0E8FE,2018-10-30,hmw
TmToZHuBMg4pDEMA,Znphmhytftw,Jskwail,8G91HR7EQTDG19KK,1996-09-21,wmc
SZxEksG19390suJd,Fckpgfhrsns,Gttnafx,30V7KPO1QJE6KDL6,1981-06-05,bmt
WH2UfMcrKMpbU4Kx,Bvrgiazuqzi,Hsnglff,DON8BTQBQE9U4UCA,2009-06-29,gwx
z1kBsRl5hChXq17u,Vyxttzzupea,Ytvblkp,TXMEPXE3TPNS1ZKA,1933-05-31,xtm
cOmt0ovl8UtLBPwv,Jhxgrcaxztm,Hcsebkn,BD5XK59FIHHHKHU9,1972-10-07,mgh
ByBSXQ4RAq63Rpjr,Ngzpecobpuj,Cwaibgq,ELRVXU17E8P43G9T,1999-11-27,pop
twbZEGIRPAqlBGqP,Aepqplpiwet,Uzinops,0RNZ7D4I4NL4ITC1,1921-11-17,boh
3PlDPWW1PLmsJhWC,Rejmyptaerv,Wkvaswn,HTF6S3861VZWNSME,1908-08-17,zyb
nBJ845iIGkGMvOda,Fwbehysbcpx,Kplxrpj,5392GLSPXL300544,1946-05-27,ago
bsEEZgIB6ImDHFCh,Xiwpsskoqnm,Zujcuze,X4HK9495IF53G28P,1942-10-04,tms
bYrPXib1DgsqtRcY,Ekugpndssjb,Xvlyvqm,NUODJKI5VW0H0LMH,2019-07-14,lnh
rmn6CQXB9yyYfn6D,Ymvsazvvupg,Tsqgtia,ZARS6IZHY9N1YXT5,2014-02-27,ssh
x4AOokq1GPbmrVi4,Nrxuawmywmh,Ngrtjic,0971MNK65Y66NQEO,1978-03-01,kqd
Wc2iZ6ITKKnVQ9Nm,Iuxcskdzwng,Cjzbciy,QBH580BFJL92U7PC,1919-10-12,gwj
0aCoppqnLYYsYwrI,Kksscnrudaj,Ajxwioc,CMUBMT3LHJZSVXOM,1955-04-28,mrn
LGE5n9dsSerq5CRz,Ghpsnqqvcfp,Sjsvzjk,Z5ITX29WCDRVORMY,1961-10-21,yon
zCgQljRAlbRZzOoY,Uvmbgilnqzn,Ournjdx,P3O6D6KI1ARWLYX8,1975-05-27,bqg
0O0raoh0q0kxQlP9,Tyzmffxfqif,Ytckilz,HYLTXGSAAN8CGXZ6,1964-12-26,wur
jLn7W14lh57A3Pfo,Omueaplsjsz,Dbimydw,TVODES4PAXJEBLRT,1990-02-10,grn
d9HZ1SQeQ5lWtuPU,Cvihzrwumag,Thucqfx,13H2AKMQAV42G7PT,1943-11-03,twn
1p300pfwOg2GdJTc,Sbmpldmzchz,Wjqvlsw,U4RCCPWV99VE3ZPU,1904-09-18,fag
kmOGKEwpSUQL9S65,Vrcknsmcbnt,Gkuonsc,VBAQ6X1E510A1U2F,1914-12-04,clu
IkC3OHp4ARdlvJGH,Clelazbhjhb,Eexkpyg,L4JKUQSBHMF3Y5P6,1902-02-12,myu
TSYaNAxjyVKbqih9,Kjnnzobrdxy,Ekmprif,0R3GG9NB60A6ERY4,1979-12-15,sll
X9xFdwM9moDEWQ1Z,Bvjscuqmyfj,Uqdcqzn,K7G7IS7UWMUPIR2E,1992-10-18,bdc
i8KuVEEpsU8FnljM,Zuiotzghauj,Zmauqda,1QOE5156T6IT732G,2002-05-01,lio
DPFT1WKn2tHQ2Ox8,Buwyjqgnxpw,Jemmxjp,ND5085RBM4V0JW9U,1967-12-12,sxs
0KUXMsbOwg9QdsQx,Srpieodjnyo,Jirpkds,E506URTYLBH7MTI5,1914-09-29,qus
KiZNPOlFqUltMwpS,Ecfgypmiaak,Tunkjaf,6D93308V2CKN0C00,1963-11-08,nhm
mFdu7zNqTvE2vp4V,Uuswwnuzuxg,Rlxksja,AAJVVPDQ8SY4XV6H,1968-02-17,whk
uwDTXxXhAsb10fti,Nmqvdvggogy,Dzrkrew,0UR9QJ8XBCJB33O3,1928-09-15,ocu
iw0OdPnPyNdzSZga,Clfsjohunpv,Vptseev,BC04BWKIKYQOP4HQ,1932-11-25,byi
lfjpuDPF3OuhLMjp,Iwbfgxpyzpd,Vnzjopw,J8UC5HQW38EOV1RQ,1965-08-01,sgh
SteXqqSPzSVMkFEL,Upkvferxafn,Ialzsic,RANQMQGMPNZ2CE4U,1978-11-21,hab
jCv08kPFKb57OXPO,Tcrypkhwsug,Gwhrmhd,2O2NELLDRVPJXLNU,1913-09-13,ikw
bpklSHDteCYzIbIg,Ypnlvjhldiu,Xakxbfx,J8TJQNQTHCDG1BZY,1945-02-22,sea
rKYo2uTPFS6BlLx5,Ghtpioswsaz,Wzddmzj,PR1VDW9TUQ4V60JN,1950-08-15,ynn
sqodFtWeVYbSTrko,Rhjnctukmzo,Hnbjabh,8O60BSAJU37G8XCO,1946-01-26,nke
wFFDMoRyRxn8eMNi,Nopkfgudxjf,Zrsdejp,EKE1KBQAMZXXY0R9,1971-11-06,tlk
2lvPsR8H54cG24uR,Odsaxezgmfd,Fcwksrc,KL84JICJ3GE46ESD,1917-09-25,aab
sgdQ0sIB1SI24Xn9,Ypnozcmoxtq,Gvmoces,W8H4GQ2PG9ZAB9VM,1943-06-07,bin
NmcFesFndtjVCrdc,Cqrngilxqpb,Iafgjpt,F3T9RY7U680ER4I5,1924-12-22,krr
DVagZB6eAV89g06i,Zswavzmwfrv,Zfewjfx,D1C5GZXYIRBY0VLZ,2019-07-22,xsm
AFw4Oh8cbW8IJ5ec,Qqidrjkxnjz,Prwrdeb,E62RRZKGJC2AD81I,1971-09-20,jbk
2IEITdPFPqJygNCB,Jtzqbdvxuce,Dsyzzss,K6DNO3S2I5F76V0R,2018-12-05,pgu
QHMpQEFzE99Wn9Uj,Bwitwblkscb,Jbywiiv,EYWU9MOXOUR7P9BY,1938-09-20,amg
LDrGvWDOCCCWogMY,Cxwxrssmicc,Vkgxlrx,YW3VWQ4KZGMKV6S2,1964-01-07,phr
LCu5QOynGmiBcEsS,Debggcmmgyd,Zdrpcwb,L0WTNT5GAUKFAH1O,2009-08-23,kxh
a9p4XMi9Ud7Gjpke,Jrjcllmzbse,Lchbmlj,SV231UIHCFQZH877,1912-05-17,tlc
rguaTSKOcHrkOihb,Diclwwuitmi,Isnccle,MCI5TAGMF0HL4Z4O,2007-06-12,lbo
DzN7Gu1YXjpPZj5V,Ygqjcoqwdmf,Kbnjnas,MEIUM0TTBHH8F3TC,1913-05-22,gub
9WdhMlo3trc91Dl3,Iaqljisfpwv,Tbchcmg,S9FTIEJM5GAXTGGE,1905-05-29,nit
61LqrycGd3LI6y1v,Ilbdlrvqlzi,Qybzfkq,ITYL01ML2SLSGJ8P,1977-06-19,mjq
eYJsOZtMKVUmDFBu,Oqfkxhzkwlr,Wuyvvxe,7TMD9TQ14J1GIL0D,1952-06-21,kvy
2GRiqGKYNdciqTrI,Oyqvhaomlwt,Eifqaev,7IHW3QSSKCZ5033F,2007-12-10,dtn
h0Ve6WwEknxdCgGl,Fetlcfhcgiy,Bwfjafr,FABXGFGNSIKH8GZ4,1967-03-27,aut
kDsWEzDV1utfMlcs,Uypqldpmhar,Xaznmqr,2CEYR7FA0WYL1K0K,1947-03-13,zua
EpiISSe8NZt8X8qt,Btmvbuvohnt,Opqsaag,XG6P6FSYKO88EP1G,1982-02-06,myj
wHUcYnUgwTmOzZhf,Xtvgecyhdsl,Tkllkgu,N9UJG2BA3Q7926DX,1903-01-03,bqk
lNs4VHNlTU21uYtU,Fopbuonfzru,Hzitihh,LSYSA0T099TNTDWT,1911-10-14,dmk
LOh5Wao9YJIMTyGx,Bdelkpaqrkj,Gsdqwoz,BW2AUTMIMBPZLU8V,1949-04-04,krf
xKlfu6KnQUEGXDLT,Gugeukkyipb,Ymsaogr,G6A6A716G15W2C3P,1989-01-25,uri
1Eu1QYKeGwcjJwnc,Xwgookgismp,Ynymbif,4G8JJIL11HM6M7E9,1981-02-23,xdk
ZeXignhUKUCqdQhC,Lkaqcvrkkta,Huizrgd,B6SNPBQX4V8925PM,1928-04-08,zko
8m1rZ9ZHhOFS0v5H,Fjafqbxatoj,Bjvejlm,B1KNVTA8PN2YRJ2E,2014-07-09,mxy
kULciLpwtEgDRhHG,Lkinbchlnai,Kifhzxx,BUPV9YC94DU96NM3,1979-11-24,piv
Uv2nNjJDnMnzFWcR,Xydjwjfyjze,Nhidbuo,4YRE795MJAMT1BBP,1935-01-13,tow
BD8hxqDhvx6B5bHh,Kjuvhfstwwx,Yrkwywb,RP0XRCTZA8X3RFV2,1963-10-23,mro
AGHWPPbPhbT96NCV,Flhqffrggxk,Vgabukq,F7OE75STZMTYHLRO,2018-07-05,puk
BRN0uYv3Pj9SQFYk,Aoypasllhzm,Ipbybpv,Q6H3XVM3C238YGOV,1992-12-22,nst
72n5PcM7l3ANjMPg,Oviuurhkdsg,Okvryxb,0F8B3HT4PLWG0T9N,2000-02-06,yuk
GPoHA2cvFb4XYQDI,Ouibtalwtft,Awccxcf,WAF1TCCK44YB078X,1938-03-19,ybo
Yz8LFK8YwN73yWEg,Numvqyyxmex,Mcdtbwi,560WDKTFXCXBH6VG,1903-05-09,mct
O8buyMQ8rkNYbdQX,Vshqviruuca,Eagirvd,9ZKAAL7B8VN5993F,1985-07-01,acu
D0WUjSEGMuEpkKh9,Zcvwosncqdd,Xtvfnrm,T93L405JW6QOWW3Y,2018-07-30,niv
PC02lJNh1xUYOkP8,Hbufnwjxajf,Ccueamq,MSL7SUD6DFWH9MDJ,1929-12-13,tan
61gRnBHyUkcXOnEF,Owtxvuplowj,Fzpmfmi,D9YDE9SAYZD074Y6,2002-10-25,apf
Ow03BPYVON9D2eTZ,Wngcmbwuusi,Rkrvmtr,2MPGFD1F84IOC4K4,1966-08-30,kfk
EHmj4aIZDe6ml5Xx,Lxlbblviyta,Opkeokg,YBRMEKIV5LPTWSGM,1952-12-04,dbp
cP7nbZ5tuzcuJwj1,Xwvsaascxor,Sjwflua,5EMZYN5H9763J0VY,1961-09-22,mpu
Dl9O42fpM4wegXNv,Qeajyreqykw,Pwipurz,JMIMOFYEE9Q087ER,1937-08-26,mvw
RXid4oV8DaycXnSb,Bamqybfjftt,Oywlwpe,UJHZ89OP367AT5GO,1923-12-24,sbv
gAlOHiXDaD3Z5kJK,Czzbplprhmn,Tuxohnt,HM458PEFLRE6685O,1991-12-11,mmu
uDBB1elr47tsp8Sw,Idjpguslesh,Yfcomge,QFKDP84AB00HAYQA,1935-02-22,mtq
sZWLu1KXc04TTe1X,Sejxwxxvgzd,Pluuxkd,V8N9HKG1B1WNVG0Y,1940-02-09,dga
lqeZ8Ubhqlj9O8li,Owgdtjjnswf,Aniplqw,GIRRQF7D0159BLBM,1948-09-20,piw
Ksvucea3JeqBfM2T,Tspjcpakrdo,Qaisemk,ZSMTRKQ3W3JIFQJ2,1937-03-14,kbw
Nc489n6zQ3bjtEPc,Wttzzvttrub,Lfbeent,5HLKWMSSYEM16BWJ,1980-04-03,tdv
FykGlMD64AKGoE40,Wewkefnrehv,Vfszgyo,SNQGE89NQDO98HCE,1996-01-29,alj
YLxwAr9HBf4USqjK,Dnsxwmtqdls,Zvbqgss,H93M2WM85AUR8P53,1930-03-25,bgq
odOSf2YjQmEYbDTx,Yvfihnpeymz,Yekiond,QOYTECAWKZE3TK77,1968-04-04,ylm
uaXOj4q0SNaNbctJ,Ajqeqwupwxq,Vhaiwfl,TXB16AHPRGM4UGQ5,1978-07-07,mzq
VmIKqWNAYi6iA1Tn,Nahqkqufbmc,Nswugeu,NQWJZUW1BKZ1SFPO,2008-10-16,rmb
ajDPicJYMuR3x7Wm,Otoufookvhg,Bwpfopm,VZ7WLGFJPOH70MJX,2015-03-18,vmh
tLJXJmvUJoym3rfx,Eekxarvthtp,Cjyfuqc,4ZT4IWQZYX6AXEGL,1937-10-04,gis
2LvzCUobWACkZJrO,Upyjrmnplkb,Qbwnrej,E75Y0QWUZ8K42JYX,1972-07-01,yna
NVKOHUQSE1O742na,Odsbwhwalow,Yaajwxx,4VKASOB47TXTAB82,1998-03-29,lsr
2osf47nnQqmeXZZ8,Ililisjwqgo,Dnafsdm,G6L1TULOEQWYTH14,1967-06-15,hba
OuKEPBmwUJlxuwBo,Qksaoqlpyki,Vnsvykm,RKG9FCMSI7JN2KNS,1910-04-19,dhl
BiW58NWhyDZMdx43,Wukycchsykx,Ggylcjp,JF3EGJSKWT171YLN,1947-07-04,ach
raGqxkg3SoYM6XOl,Eposuhzttkk,Hshpocu,5Y2PP751D64Q3DLS,1971-02-24,asv
Jk26SltsSalueGvH,Lmkwytonsls,Ohzjvlb,Z8Z3M9XND11VK37L,1989-11-07,apt
a0BEhe722iBZHGQ8,Vntseuuaiwv,Jtonraj,64KG9DMMK0JBWNF2,1907-08-18,tyz
zGOpvp2GifP9AdsR,Qawvrfpyhuu,Ilyeyzk,VXFOOSO6V05IS4YC,1943-12-13,smo
BcRcWybLKyBHFC3K,Lwaaxmvbxhi,Noeujqk,63II2PJKUO38JFH8,1907-05-31,nyv
eRCsgsNsXLDh9VeK,Toexatihcga,Dgdptwm,R85MXNRF3NBCZQOO,1952-03-20,kuf
NBaXLH0IB6vLpZsv,Ssuwezeiyne,Ymhqxnt,RDPKM3PPN2573CHN,2001-10-29,gbv
UZAv1VywFIO4nkqZ,Xvevltaayel,Lnxetcc,4Y17M15KFZ36G31Q,1910-11-15,mue
fNsIqV83qvRj1WcQ,Qswmsoapjok,Wmkjfgi,Q266GSZHNHGT3F3I,2015-03-07,kuu
KWbZgZmtmPEv0xok,Hfvxccoirkn,Mamvran,GC1HECZX6EV594C1,2015-09-30,slu
t3UQYIbZ4iVnhvdp,Qsucuvivwrj,Kndjfdi,H5HEEC3CDPMVBL6G,1984-12-23,mqp
TjiC3ABEjO1WZBgy,Fvqmcofwinl,Ajkyoog,M0ALLTFQUNHWIB52,1948-04-17,aaa
gfWZ5zoY4gQA5h8a,Elndsbgrwyo,Hredftw,WLXR3Z4QCLZNXY7M,1952-09-09,bej
AEnVy5gIwZ1Ef9lm,Frczlirhhub,Tkhntnu,YJ1X1DL78B1BGHTP,1921-03-17,coo
ZGSuBVsXosxz4eNE,Yhdjebtlxme,Mibevwy,NT4Y80H30JVOJM6G,2001-01-16,arg
JukQHU3P41ydZnqT,Nucspjtlkwf,Oprequd,UY24S1G3X9KIP7H5,1952-06-26,bxh
lEuT5Jh1IYioPHU5,Drwoifmttwg,Zbewlyg,3W0QD0ZSPGYMUUOC,1913-02-06,afz
UxdDWRF5Tn25dEi7,Hhnfmyawzug,Zbtlgtx,HM59TAKBK4P855YN,1996-02-28,cam
DpcczBcjHT6C6KbI,Sahvckjglzi,Erkdmyj,64K43PGJB3VRWUJV,1959-05-27,ebk
LT3cJJCcpXvNvuXK,Iyfkldqxcdw,Oellnzv,0LHM9DIV8XZN5VVG,1950-04-10,njx
U828uIODxswzuYwb,Jfptignemdg,Tkxoqko,T9V2VC6IZHEC1Z0Y,1911-10-26,uig
DMsUHCqgL70PGe5H,Bqlekgfgbyp,Urxdbuz,UD3YSYRLKN9AXRMG,1982-11-28,awk
IAX0pDNiq86PxQXy,Okrnbsbztjs,Onpcxuh,YTR34K8ZD0K146MX,1947-03-20,yia
r0cWRVM5KX8JjM57,Vxxynlbtwhs,Xfehrwu,FXCJ3HU82VT0HZCB,2016-05-06,acf
1JDdhzcHfWwCkPgs,Xqsdldcrbht,Yoizttk,RTJH9OSZB4XMSEYA,1930-11-16,tgw
UOya1V4Qj4XT2n36,Cmeexdtmcnb,Hwrlurr,ZFPU8I5870RB1GQS,1981-08-08,bde
wRxPmQGcuDui2mc5,Kajgufcdepi,Dtotuvw,09FSEX9T3KU2V6HA,1901-03-13,tgb
1wULqj1FgG6sETi6,Ssbysrmgxsz,Wvzawia,TX4RYZ6GID3Q9T5D,2019-06-17,sme
3NlnRE9uGuOnRDsq,Fpteuzrhoiq,Msanwtu,XKT31PJW694O2FNE,1979-05-03,ttf
PsY4BwEMEksCN7dv,Yhkocvvwter,Itpbdll,N81VRHR99IGVRXPT,1990-05-15,ytl
4XROLRolCsBCYfnM,Rugrwrciyyh,Yqerlsa,QI2U0FFU8F2N3E25,1953-10-01,ign
Ae9LbLt83P8bxK7a,Opxfppcqxfi,Pcdtrbi,4W5NBKWOTX0PLIJX,1912-03-20,pym
AR4PFAM23A91VgKM,Ioksawysqlg,Bdiqfni,PWNSPWPL9Q6RNU5M,2003-02-23,hch
8BbIYi94u1ng8hP6,Gvzwbsrdtki,Lsnflmc,H0UMS386DALZ3YLI,1965-03-02,kcn
bBZOMwdAvvC8SrZI,Kbkfveusdsu,Dlipylc,V85I3LE4XP4Q57GK,1962-05-03,mgv
jq5t8OxPUUBUMAPO,Esowhrujuve,Dpzmoau,WR82PO10RQSLQCOS,1991-02-12,coc
Bpvvi5loikn1HiP1,Uzyfwzazjll,Koftryo,64Z5PPQMP6UVFCAX,1938-04-28,akl
Hg4kjN3lLLPAzLaY,Okaplvukwet,Wlpyotq,1HFAZGT4Y55T40S5,1999-05-01,psw
ChsbacKyINO5vXQu,Gqoppoxvwpb,Siheabi,RZSM1UCFFNNOGQ3Y,1940-05-30,bov
BqMopk6lJ0ccMtl8,Opncpmwatsw,Wmvfpxg,ZW3080GU3VM2E8Z1,1979-08-20,kdu
yEqvDxXt33P9a5Ec,Aoipndrrjkt,Zmnvcle,Q1TE1OKNX75Q3CEG,1973-07-25,umr
WBmez3q6dCOAXYMq,Yinlmmphjjk,Keahulo,FPZBISQR1S8WVNSZ,2000-11-20,ymc
sxvHQpjI8dFw7LLJ,Rntqucryzsw,Xpkyfdu,E17XOQJFH9PYN80K,1946-06-10,gvc
PPkIjHw0IJmsbqwS,Ytvdaxlaqqf,Zorjbeh,2WZEHAUY8HBDIZ0E,1909-08-06,ggt
R7wbyeSXZEp6z1Vz,Qnolscurdld,Jypokby,1CR80JGGTLJZEHNR,2017-09-14,vkl
1j97elrpMBgXuzEY,Pttwscyympt,Vvsdxnt,5X39JBFDVTRIOG0Z,1944-03-07,anr
bzPY0CuEVaZA7fy7,Qdshkbsrozf,Sdsuurk,HEQLEHVYCFCQP07D,1975-07-22,hvc
6XbzhaxkbLk1Mv45,Oezmqtjvsre,Xvuvvfq,78TMMT6MOY0KF5GU,1987-08-22,sue
6DvrOK0NQrESCVu1,Lnzgacgdlbm,Zmigopr,FEBD5XOIC1QEK9IC,1968-10-19,gug
nT6gboqBfdLbqHQY,Nbpqnimkqsp,Cytrrsa,I4FI863F23368D11,1915-04-11,ruq
goATaZ1FrjAm3iqc,Wdosdlqthsp,Zhobzfg,73P8QKWPMIM4ZST6,2013-11-26,cha
UrQsQB1oaNUFSM7H,Deapmnsjuat,Ulruobm,WTHTIU8VCXSCFHUZ,2009-12-28,hao
cmPQOgpC636UqAH2,Wrdwxhbmzyx,Nhnxbzi,2CLAIO7W09GO1ACU,2004-12-08,kud
9PngZfK2gkckOFLQ,Qjtjaqmqlxv,Qouhbar,VN1FK4CRJTCZXQ3D,1910-06-01,dim
o9tYYm6f7J39cztk,Datcnohlejw,Vcfuhqd,3UG262RY867S4WII,1958-08-17,mrb
STfkOC8j3rFXcXuA,Nmjpyxvsosv,Tghftbm,8TUNHR06RTIH4679,1930-05-31,pur
P2Qw1zEPz8ao0TVb,Vjwwcwvydgx,Qveikui,6E3ERSCARYSQEV9H,2007-06-07,kpo
fJcfRPfOduwgj28x,Cyazzohxhbk,Ipzinlu,5RQ6EEHYOYY3CW65,1908-08-29,teg
dBh7saE8ewAtvbLQ,Cjabmojqqlj,Xsbbhnr,A3JARYTA4YO5Q6RZ,1904-06-21,fgr
rDn0Q1lcCaQCp2LU,Ophuvmtptac,Artkaoz,93FJJC3NBWL1DRA7,1956-02-13,kte
Iur2lptychv9wL2F,Cncraexugrp,Enhhtxk,0BU9CAVJ2K60FSFO,1986-12-02,jwi
RXoNMumVGtJm2tl4,Mkqiirhnflr,Xmprdmt,OZOJY5GFLEEDOMSE,1987-08-15,ymd
jSwTDing7380eRkP,Fjjftsughvu,Bjjcjfh,MVU5RKB3SYFANKXA,1931-01-11,ckl
XIbf9nkpDooA70Z5,Xgixzijdcip,Yuapoxc,7MQ55G4IWSBEGDBE,1900-07-02,wly
7Y94AOlGBCBdRk9q,Atqdnkxdqib,Vhjppzw,5THW8D50XUEPZRDD,1911-06-20,oos
I7Dz9ficFDBo6KQP,Mfbbtabpzvj,Sdagrlg,BMNSEBZDR1W918ZH,1983-01-13,slq
l9I6mSBS6fHp0P2N,Mncjuskzsdv,Ahxgjlu,F909XV53ZKNGN1V8,1963-12-23,tdk
HtNzo4ZvjvQdM3fo,Dizwiyeddlq,Xgcskvu,546YFLGWR6XMIIX8,1900-03-25,soj
rkky2HrUFkGDC5y0,Bclxzkjrkom,Ffsxhwn,TD4YCZS26M52UJ4U,1965-03-07,led
HIuzCe7HSlYwDvFn,Mlunywtehsz,Ukwyois,I1FVMYBDFHAPHV4C,1980-10-24,wgi
7Il16Xg3eQuDZFhe,Qtlnaesibbu,Wyrvpio,FZABDQBC2YATMJKN,2012-03-27,gas
eQrx8aXrGf7Rmn0S,Kkbwfopcwrj,Aafuvhm,Y4GTOIH87VDKW1EV,2012-04-03,mpm
vr4XR7UVSffLB3OP,Xhpgolokask,Yuvkshr,NI0D1H6K8CIFGLO9,2009-08-15,mfb
4tlSjtnas7NVjmV9,Dnscnupnjjy,Klqkwkx,JYBAL2J2Z0OMKI1K,2009-03-21,osp
SH9yKNYDyVeUWwT5,Ainquuzxkti,Zanapld,ZYXZYEZLD8YNLLOB,1935-01-04,kpj
uWgGH0BuhNK7rmul,Jbmuciswyha,Hammgly,V3NFZ1FPMX2FUJEM,1952-02-26,xlu
BwvZDktQodix0P0U,Zfaiqjjpxuh,Ukoyxhl,8UABCNB17WQY1W2Q,1987-02-08,hrp
sKNps8TGnoiP5nJt,Vvmwsuufolc,Rijiukd,Z203AKOL2CHR1J5M,1931-11-23,lnl
ryXzjyou1fkNOlpr,Mtyskauvtew,Czvwola,90OW8V6OENZ8NZBH,1961-12-22,emi
fODGvTQqdZ75BRXv,Mtljdhbtyin,Pwumxcg,IX4LVE3FDD99EBXO,1967-03-04,gaa
xWwMCwJB7tTB5Ewn,Pajgwlwnxys,Cubvqtr,QZWYHDJZ7QT9L2TC,2007-04-29,zro
5fXHQ8BcB3guUwsh,Rdtlhdrqlmo,Fgwzvzp,TK9Z0K51I90A07RZ,1975-11-08,ltg
NZQPrcAgmwWTRqhm,Wzlbodhwtki,Lklpvtu,4M2AZBAFN8N14UOQ,1962-02-19,nam
KylciJJ7wTc0xoYs,Xwveyzdbckg,Wivrsvy,AS084V50SYNNT0LY,2012-10-20,xar
hN8HX8FomlzKLx00,Wleroekcbts,Rbmfgqf,2Z3AOYTER82YS2FG,1909-05-17,fas
npHyTceFDZgZkV8P,Aiuhiwvhmqj,Cbedyku,68MW6CPN9D8LU6CB,1956-01-06,dac
M2XdtjpApJ5syW7A,Mamheawsizf,Huafzbg,KZKV9B7544Q4J16E,1902-11-05,thh
BPQ1WWJ1RzRqLmXc,Dlrilfpiacg,Kenfwys,UJKJL2HPBY0CADSM,1985-02-10,sot
XTk4gBafJETSQHXv,Thgqpqgquzb,Ifzuxqi,EKZSC5HK0EQ5KNBO,1946-03-22,mlf
s3PR6MI4kIlB3Gzg,Uxamdufzfqs,Nwzixgo,OVI4KJOAA5SQC5PJ,1943-01-29,lsr
3FBgkeTRZ4Bb5DkN,Mflnxkcdmjr,Rjzksvr,LHJ0BDJNKEDKAH4C,2001-03-02,sjo
MxqTfElkMJlj3zGy,Ypexntamgnd,Wxhppla,NU03XW3JNDEBFAJ6,1986-04-30,ann
trArp7ewRh5vY1SG,Ktylahbbiav,Oepljlf,JTPSDGNXZH8ERF45,1901-04-09,pbu
CJWRAkSh2Lx8aGhZ,Iqnoebyxtxc,Qjbtdol,ZXPHZJTR95PAOV36,2003-03-17,noh
ZHQgj4dWwYOXqRro,Gooosrrgxmk,Qcxxudc,7M1WVMW0RIMRQ1W4,1902-06-16,bwo
EZWdPqPMug4VCWvS,Vuymssmqzyb,Qljdgyb,TVXESO51V631E6OT,2009-09-15,sel
LBymZs74Gz2uPk2i,Jhsdxeawehs,Jtmyklk,KBECICB6137I8YCQ,1955-12-29,zmk
K2ktrFOpX96qewNd,Qkjwdbdxuou,Bodxzrj,AFWFNTMLOGXC162O,2014-11-29,kej
F83LmYXp04wmPjRR,Gpzgbjcbriz,Qzcumzz,YQPCGUCR5VE6DOC5,1941-04-15,bls
tfj33ZrQHO63EgOy,Nfuhlutdtmz,Mqypwjw,1L61GRN8F2P3WN9W,2006-09-02,ndn
OJUMMyDq2Rwod1wG,Uczxzylqoho,Ynxjxva,MIAN9OZRCSU3H493,1932-02-16,anz
bsR1D9r1wNYXGR3a,Dcvifnffjhg,Rohdggn,92YKSO2VTM49A694,1934-02-22,kiv
A6bgjurdMStZ26g2,Ojdxhenjgri,Ygzbszk,JNU50F2BK48ZODOG,1992-11-18,mrl
15get3JyaR61eLzZ,Fasfftguvag,Gnsgcob,KCAN753VMTPQSGFJ,1982-09-16,ihw
4evDEmzaL3j8L5Of,Vuhddfmqlxq,Qzkozpm,X5WL74U8F6QFU1ST,1936-12-19,xbp
8guu0WcMNCG0emdC,Ehjhjqdrsol,Ucsfllw,AZAC1CMUZM3V7T7J,1958-06-03,ngh
EyODHY0oFumtR4fT,Gxaeeigakzc,Ivzmlhe,EKJ6EDP5UMCN3ISF,1912-06-24,dba
YyKkMt3nsB7C8aFk,Jkswxsuzjav,Yrhwihl,6RY0JK82E90K9XED,1910-03-11,vmf
fZveeZVZdu35cDir,Ohzoekeuajb,Timmewn,2QMWIBTGX4S1DNB5,1901-10-09,dmg
dnkiUEOp73BCoaa3,Yrafuzbbqdg,Onjdsjl,V32IPFBK2925LI2S,1972-04-11,wdg
G5plioc244uIGTHi,Dybwjzswntc,Ufptjvt,10O6WNHAELB3GEL8,1915-03-08,mvr
2rkx6fkAnzFIxgTd,Ybxfnroccvh,Szpcgfk,FBS3FT0FXZZS1K5F,1969-04-21,jad
sL4Yj906MxztqLSh,Mleukwsgpro,Jvlutas,DBXW47UKRYZM3FPT,1920-04-24,kpw
rcX52zKJccxTpEMP,Mrezekkucjn,Hpgjkwj,8PMJ3R5DJJJLF5Y8,2013-05-09,btj
UBRAngyzPbTVPeu6,Hsylapuffjv,Qjoslja,3GPSS80U7FQC13P5,1995-02-15,jbo
HdASwsRRyUAAq0hu,Rdnjfydizfh,Rxfivrl,VNVCW8QIOWY1K62P,1913-11-09,kig
yg6oStHFZc998vxr,Zfpperdrmdi,Oucjhks,FXXXNPZPOQ5PX4J2,1950-09-28,kgk
JIjp2qJr5OJXAcQv,Ydwobwhwnda,Lwvetwg,RZTG1RDDJOXQ0UBD,1911-02-01,ydg
yLje29VnhQ7d2wsq,Hsswejygutk,Zucqscf,CJG7AGQBPH0DEPJD,1953-11-18,smb
acQs7cXEsEXeGdq2,Vvkntmijpoa,Jrzxrut,4OY0O6TWOB7DS6C2,1914-05-05,dsl
0pecOo3emRwUp05L,Lpefzwshadm,Uihmffs,LASGITACFL9AR9JE,2019-05-22,boz
0HgCQJdiZa8e4qV1,Mqentiatxqk,Svrklar,84WJK8Q9PZP8CFLC,1923-02-27,sjg
4MF8LFatn9vQkcwf,Rqfcnhhujzh,Wjrlfjg,5QK19CF00J23ISXA,1950-06-15,eaa
dmVweUZuVJd5t5Jw,Aosprocrxnp,Aufslqs,4MSAW4HB37R0UVG7,1986-07-10,ach
KA9PcJyChbqAJ6sR,Sfwrwrhsdqh,Ncfktjk,AML1OZTV4W1ZA2CK,1949-06-20,wnu
3B0vn7d1ZjiRFjH1,Ajysvaksjnh,Gnuimhs,KE2A5VIQ51YPZUVT,2011-03-21,mro
Eel4kVt9MJYkoKFj,Iqhqplgvzdt,Lcgnbnt,XPDWARV0XIP1DMZQ,1950-05-17,ark
2TPlF5v6ffejADEo,Xmbqprqzigp,Tebkoaj,1D05OJUMFTVPSFJS,1931-11-10,bon
KyS2DDBqoHJstiiQ,Uudytyvtryi,Bgzbujy,62REOEV52H0TYV8T,2008-06-27,koz
cwtjw9JCzSqHpEVD,Rubqzictiab,Ywmqbxv,DOJ2FE40KGH2KWBC,1957-02-24,nmq
tiQ8mcy9jeKuB8Ek,Svtujbxysun,Laeimlf,HDPDIXMF99F0597N,2010-08-05,svc
SZoTJAj6dE5J3kPu,Aypowmsrybj,Iqrinsn,SKSRTT9T4132OD1R,1942-08-22,opt
52U3TrJCsvIEkbwI,Ypwxzefskfw,Vbdoxji,XOCL5SM3APV299GM,1904-06-12,fvr
NDeO4zMRBGw1FKiq,Dqlqoeljmrr,Yidkpjk,1K1TXU41ZYHQFF8I,1966-07-09,mtl
xyrWfTryGexCIDfX,Eygpnvqwgzp,Unpfoac,S3MU45712V3XK47F,1901-08-05,zgn
c9JMpMfvxuIrQfzn,Zhpcrgbkxlc,Hvpprmh,FYDMBEPYP6G6ZSNZ,1959-01-08,zax
2mxnZ8SFeHWbCz7v,Lkskqbsvhih,Thsarkk,0H2UCO3US6U8NISV,1950-09-01,gan
wYNin5Hk4eYzVffg,Blxqouertkm,Ityspjh,8HJW16OMEYXA5HD2,1942-02-24,mdh
9eYI9A2hhjFgbbC2,Jrtceqvdmob,Apoyvpx,8C3FCN5AL08MH5XJ,2010-10-15,buz
eBjXGwZRbKtXGmuB,Xekpfsywlsg,Exzekax,XQYYMUZ9FBR8U3R2,1919-10-24,mut
4ZpBG2QxHnku99tn,Tzpwjkercrd,Jygvmub,LMENE66ODIADRKX7,1972-04-27,ell
ptjcSDSzYkyJllwm,Qxgqctxtnzj,Vkcsnns,MOWOWPVC2HSXHCPP,1940-07-13,stt
xq8JRqzbO8ybsPWl,Qjxdbxfvtvg,Lhwpbgz,P3IKDK7VO01UFY8R,1928-06-05,std
9HePTK7ASOEddEz7,Vfledkwiutn,Jlisxex,Y86ESTSIRZYUHLM6,1912-08-19,nys
okH02I4HQeogWRaq,Jpkumehcatr,Apatega,EQ5V2ZCPWN9ZVWB7,1945-07-08,jmc
SP6AcA1T30kYEXXY,Ranwblrkkfq,Euynfwi,Z2FEZ9B7D0WF1YC8,1959-03-31,rel
2qDRQ84mIcH7seu7,Hzwaalamrwx,Fggfitm,Q6GLKNXWXG4C3HX8,1905-01-31,sdm
3yOg8t71H8xQ7cfD,Mgccxeubuty,Lnrvrmr,1W8EN2945HTJ4Z77,1917-10-11,gnw
T8TvlNLJZ6kjU9ht,Izbgmvyfvtl,Lvsxrkt,Q34XEKPYTA8SMH4K,2018-08-22,tby
CN5dxqnyvza1blzH,Pwyllmtpwwh,Ejznsne,SM6KOPVEM5LKXIDU,1946-09-18,khe
3CcOlT7VKRf5tDtc,Cdkkwyfmycd,Oeszoue,UF07OXYBKDFPL86L,1924-02-15,wom
13hBpuO3FXsi4Dbk,Mclputenzik,Agbxgud,VSACG1GI9B6B7BIW,1907-12-02,nap
ex8YDyrS8O5lN7rZ,Vrwvzlexsxx,Auygjgh,9BRKH5FY5ZZ9NPXH,1949-03-03,pnl
Igb3inBQw5Lcgew7,Orsndxaemqd,Xlxkete,5U7SW0XI4JI456LC,1953-05-23,kix
vTxu5cQzi37eNjY5,Augqvuszydo,Fnjpusy,JSZPAUP7HAMJSQ1J,1972-11-01,liz
mlYyrx5Nmv7e5L8z,Nqbqdbpkhny,Afbmzoz,UGGNB1OQDHV5VD3Q,2013-08-17,agi
zS5DmQnsVmaAcHSS,Jqqrkfmlazs,Lngfauu,OS20ZSM39LH3FRAE,1909-03-01,mjw
8aLTh7zo38VWgjGa,Csmrsxixqnb,Waioroj,B7RXOHXZ18675PRZ,2019-12-07,brl
Nmoxe3iWDMJclFCN,Fitqdoccghj,Rcvihjh,ESMEM944F5KOO429,1942-12-04,mzm
IgcEe6uKD6AJ7759,Wtfmypveijx,Trpajrd,BQCOXSNJIONZJ3WV,1948-08-16,mtv
qV5I8xryVEm8DKN0,Evrzhktoucu,Hvnspxr,DVZLU75WWH49H8JV,1938-11-05,apj
5y9BMzgIYVIAC2AQ,Vaqtygocdtv,Chqbpsx,L6OW0XSTN3MS0V12,2007-10-06,cms
rWnRrsTHySs72w37,Umaaedncien,Afspcug,SIUPMRIDTCIQRQB5,1909-09-29,mjv
aG9QEfPyN52DXdVG,Jcnwrqstnro,Dnertyh,3WSTDUGHMUKD6AX9,1972-11-21,esu
hyqGNg16e5GWLM9S,Xopfhfctrcb,Befutqi,N5LIOO4H9O8D8DHO,1992-05-10,tbe
Coi2MaqbJGOEl8mx,Snewtgnkgxc,Guxfvbk,U3IRIBBV4RZD25JG,1928-08-20,amc
R1x6xUj4DdryCu4I,Laqddtyfqon,Lkwuide,YLL7CDJU3DAF3LFI,1932-01-02,mbn
fGXsj41jf4XpD8RF,Aqrbytwadne,Xqwdggn,W213ALPXLJHAVI9W,1987-12-18,gmb
aqrn0L4lb3suUhX5,Xeudzufwkik,Mppxiqt,FDSLO5F260NBVSEV,1950-02-10,coj
dczC6BS1kn0UX88k,Nxhutgjypbk,Kerpnqc,2ZG6YCH1T1XNDXWB,1999-04-27,kqy
XNIgXs5SiJL7eCp9,Rkqwkbjepyk,Rfkkejl,UMY66QLQTKVI4VE3,1989-10-16,wgy
xmWi5OyrnxO9o6xy,Uraoupxarkg,Oatnick,5XFJMWH8AIFD215L,1945-12-16,prc
ibYNkMDQmIM6zg1z,Uotkyyjuupy,Clpkevh,I0D4XO74T0XL7JYU,2016-11-21,cwe
WNrYUUHXmodTZ5HF,Geblsrcsmpb,Acxjoak,E4VS8OZYSGWY22M0,1915-04-19,bmt
NyY5DB7p96jxpojQ,Msbtxmbommd,Qjqvtmi,ZY8KDVFHOA3AB504,1959-09-28,aem
CvNLrUAKDmStOCe5,Yoxlaeuakll,Adtuwvl,ICO3OG26EVAG2OJT,1932-11-09,djj
z4DVWBzNcgybiPyG,Gtkiovmoktg,Gkitqnx,K2AE0GTW53FWXY44,1991-05-10,pbf
mye1a5huQLjFKhVu,Nzxnurhvirb,Nkhhjyi,0AXRDB6CISSNCVLR,2014-05-26,ono
SU2k8WOU5GXsCzo1,Lyfbovoqnik,Ieuhivt,HAYG1KA3XHTSA7TP,1932-04-07,ydd
8bThaeoe6gddoTgk,Clhramdolyj,Ihpwyiz,6OFX0A1CPI0NVLK3,2001-04-02,bak
sSbAKyw3yhQthaX3,Dcstbktdjph,Qkkbczk,MRF0ASEPR5EJ9T5Z,1961-04-21,shv
NgCjZ9vq21S5ZcKT,Qkpwzpvqoca,Vdnxuaf,V3ZPPFVYVT5P9XQM,2003-03-25,vmf
kbtBW6tIkIuKCpX9,Icnjsqisrff,Gevcmbc,V494I4M42BIHAW5M,2018-12-11,mwu
gng1krAqQfzZNkPe,Hhfdhcapwpt,Iphbzuv,CIYGJKJAO1VPI8EZ,1920-05-20,trn
pm1SsRF8BspMZwJk,Ohapewievgl,Dnhilfc,KWHK17RF5D3EEUGT,1987-02-21,rkw
VfDbsNU5TpfPqB1b,Hkuzehdqole,Vszhykd,HRHXBZWB5HYARSD7,1951-07-01,bin
vcQ0J8iKTMY9fyOK,Mndiszblkqc,Nihdlir,JIFY6GDD3SA37TXB,1975-08-21,sjk
BjO3Uyp6rb3XyiuL,Fqkfaawieem,Bbzghzd,T26NHANJ80CGAVDT,1976-05-30,ahm
WSmE1XiIChGYOdT1,Tibnlbbcssm,Iysgqwg,J5WZT65DFM76WBL4,1931-07-11,nzk
sfzu5v2cqgpGIwfz,Ivsbnhgwbjq,Ldvreqy,2J3VPQNN0AS2I6A2,2002-09-04,pmb
YTeiaiI7yX5JXRKC,Htibkzsnqgt,Eygqxqy,7A51FQYRY3NI1A91,1992-01-11,atw
bYWzXv67Xh6Nknd3,Dwmxuzpqesw,Yyicorx,UYN92WNGGP5ESYSR,1952-07-30,rax
Jp8lHw1aTV29ClvL,Givrzdbeemv,Bovgnxn,XWYE3YH4XQLDXH4Q,1906-07-15,mnq
NmMojCJCJqjpmID7,Yvirhesvzrq,Tninteu,DFGZBFZFS4JP1X8C,1953-11-20,cbv
I7BDQlRDyoMFFcnq,Mttztpcoqzx,Hzifhaa,Z05OFU0MXEEPA8DI,1987-10-24,vmk
QVppcxSD5Fun2SFJ,Ptfhfzuyvhg,Mguaevk,K8W8MI6E9QIS4FQU,1901-07-30,rnl
IxOkoA86qdxiTDxM,Rlxujajpooi,Dcwewrn,8SRM3WV3PHKP4SCP,1923-02-10,icr
dKOuSDispJETUJu1,Xhjtyhhjqqm,Gszqwwo,VEWBXH4ROR0AXDMA,1948-10-01,huy
iABh32a9gSZD4KuW,Fcpcjuxyojn,Jspnvue,HFFCDYW0IGTEOBGR,1999-09-05,pat
1eo0p11TuQcs59Qc,Bzoehdlooqs,Eodlisw,8AUWO7NUCW3H9PEK,1912-05-13,sbu
9YzZqYzVTww6NKky,Ozqgexhmkzd,Flctrzm,SZIJOLTZ960CMTUR,1914-07-16,uru
nQogPYWcESLi1Xbr,Svruvdyggij,Unoxiyb,YJHMSN5MJDUBQ51V,1997-06-27,bjh
dOyJzDRKbyo4NfEF,Cjoonrajyuy,Shycmcb,I6JEH02ACIGL2UED,1926-08-02,acf
ujrCSfowK5xVMULH,Sfpfsyvwnav,Cilndqm,LV1ILHYWRXOKMG5C,2013-07-18,gou
H9iNm9cxCpsdFrMs,Wkjnmmxmnri,Lyuabaj,5DQ4A2OVWOFHK8VY,2000-11-27,bia
phObBnQuI9RLcose,Cixvboydhla,Gjykhen,5NLY459HJE7OADBY,1914-11-05,oyy
wN1iiV2Lph1jIBgf,Nncabpjwmss,Pbnvwva,RK35VC5IQY185GUU,1993-02-24,llh
CeiCbwz5K1zvDhoU,Afnqcyczign,Kbmznhc,ZJPREJQS03IN0NY4,1952-02-27,rnr
v8X4Pmg987dRTvuj,Koomkyzfeim,Tkxypjl,M2G9V7ZV23RCOH3C,1924-12-25,mqf
kIXRix8XXbiMycrY,Ozciodiumlb,Irkaqkx,79TWR0GW5HLHSS1N,1927-09-30,xbj
lZU8C07bjSXwhVST,Mmnamelytmd,Yyxxrsw,DH5E8NG8FDIXAFOG,1926-09-20,mpx
zvy8xSsL12iwuy2b,Cqljapuzdoq,Nmjutdi,J3UK9MVKLW03HUBU,1946-05-24,noq
3VrG5eAn9SiGuPC3,Omzlnndnahj,Twcnxxw,NQAQ0M0NSG4YC3WT,1917-08-18,glk
Sj4MWiv2tDGQTy69,Luhezoiiqrs,Lfmzxud,SWETCXQQMKZNNEO0,1965-10-06,zbl
3Q0WjRMy9XEjLL6B,Ntprruefczs,Twwllhn,P1MB718FGHG4PSNQ,1984-03-28,byk
BJYzrELTp2N8lq7d,Roqypnfqwzs,Jvuamih,9ET85DA7ZRG76272,1989-12-13,ojp
90ajSQelC89DyNNB,Zbvjymjjawu,Dzooezu,ZDTDAGFMJW6ENFHJ,1968-08-06,lki
J1DwytFB4fAdXixy,Ivmjneotmse,Fugksvh,HFZXD7FPJ203N97O,1935-10-20,oin
Ws6Z5zDx4VHNMVot,Nrsqfnbikrg,Xguqjaf,HS2WFF5F1264QY6R,1927-03-28,bqw
5LNATHauCYTMemAx,Ubbeztosyhk,Vzkpotu,8PMVO1XYBI6UJRRD,2017-09-22,bfw
W511q1MNs6MjsAuW,Kxnjyqescmz,Rpmnrmt,28PEJSJ0YYUPT1LR,1912-08-19,zhn
Ttvgez263rVbwfm6,Gxvfmbaexto,Wgonhle,LOISXXWTU5N9LGG4,1933-10-10,ecy
Tt7DFYOqfaRJC9Xo,Jsluhfxvsmj,Uwjnkyj,K2IDVNNU89PLHKAP,1956-04-02,cnu
zqDNI37z5d7OnV2m,Fsbymvhcrpk,Wjblfgy,J7HXZN0V8VXIK4YL,1909-10-26,yeu
CxOhTSVx4ep8dxwA,Mrqvnlgvqui,Wkeampf,V0MKKTWK04V4NE24,1966-12-11,sbk
fooe0LbPaI1P0DAx,Paxhnhkcqkr,Drgjbbh,S564S2SE9YD6XN38,1919-10-01,lsi
zG5ooT19ogkKUTeL,Qotijwnzfec,Rnbuaad,S3RTAY2JV96BL930,2013-04-28,scv
XLB8Oou2Zitqv3FG,Lcjyjjyrmqq,Yhbkzjd,FYXKLJPD5NXNA6T0,1986-02-06,xbo
byVQMwiDAYsueNIl,Qemwmyuubep,Lizjjma,7O32YSX94TSQ0FPX,1906-01-11,nzk
imGUAfFwtZ1iuusL,Loguuhmyhle,Jruzrup,CA80DSLH78RBNHXY,1922-01-04,ncn
QI644DAgLXGg7EST,Pvjuwgdbbuk,Vwjdkyw,OOI5IME96NH1WQ8E,1980-12-10,wgo
VvyDHAIOfQ5yZ0TW,Enttgheihaz,Uetvxrr,ZN1Q1ONA8K1GBGYR,2018-04-03,peg
y3pROBtfdz6XEMcA,Evyxvqawzpg,Lqymlcb,HTQYYHG2NY8QL5KK,2009-12-19,wwr
9zgUJphTdwqU31GA,Hmmxwolxlwy,Taogema,DS30JX27J9XJ241P,1981-08-29,tag
rgS0D4uazABXB8wP,Bcteapzypiv,Pscvzdi,ZW70YY689OXEZJ6W,1966-04-12,lay
K9YfXHn2syTSQlp1,Wdztcjoajmz,Rgzbscx,UENSMTE07VFALM0Q,1923-12-10,jao
LUTD97LJ84HFuncC,Tnzyxjzxume,Piouyrn,9HDCJ38GN55CD0RB,1931-03-24,snb
zP6cI2VFsjmxOFqY,Hoxrxhzjuwb,Mwglmlu,NGCDHZ8UAOUIA5JJ,1957-09-08,xxk
cPjLmIcwkLFhUK7S,Ugwzbyfltuv,Fooiicb,XKG747T903ET498L,1929-04-12,vkl
p8SiiVGPB9Ig4i3G,Onxkwhgvujx,Hkwaood,CWA8YALVZMMMS86E,1943-07-10,xlg
Xl7VKkkfMnpD5Si3,Ylwjufdsbau,Edrxosl,F86LT4C62XQ12G89,1905-11-19,mkd
npKQ7rxsw3GRhPaZ,Dnwaxxfvocs,Jsfhzse,4AZTA5LRM2ZU9ZT6,1904-04-21,xan
4yJAuawN2DFzFhBA,Jnrzbcpujli,Yfvfzzt,0Z7XB70LB2AMGP1B,1968-07-30,yxl
QuJQjkvW51u4U0pe,Rldsjaybjox,Vixdqxa,9ULUA38G8VXO88NI,2008-08-20,fro
awLyMEbfUycU3d7o,Ceinanappyj,Whjrddr,LG8JRVC0ZPPCMGPS,1998-06-28,nie
ilsnSSUMQhJTk1XQ,Ijgscswkapx,Rwqczwl,BF6RLJ85C2ZFDU1J,2015-12-01,tpa
VVsoFwo0VF4f4aTW,Cvoghgwneog,Tyweeyq,97UJLW6FSG4YKPBG,1922-12-18,dgz
QEZijakvgay6x61d,Imdcizwqsed,Yfezcbp,U6LQAAYNUMGUOXI2,1945-09-24,zom
KdDFq5hgO7HKg5zn,Bffjaszoyvf,Tcjgfmt,40Y2MNZ4RYEC2K7H,2007-09-25,kxt
dWzPV3mn3KK0TNI7,Ndopynbroxh,Utowqcn,M12U4VWB2A1L2RJQ,1970-10-19,hah
3zmFLStDspBhszlF,Mlwbdnoithb,Qtmonlx,56LVZ9V4PR2FKZMF,1967-02-04,ter
n3mLJU4MajzOhuFJ,Axftxjoznoq,Mfisilk,GA31WAJ87DK06EME,1993-03-18,mah
90j0lCGty89J535s,Qcxijebcqhy,Hxglicc,USO4727ZR4TJRLQH,1929-08-23,ipk
KyLSN2o9MkEkQmCO,Fgheaopqesb,Aivnwsd,E3P1LX4SH3ZYELID,1974-12-23,rmo
FQT1ooUmbsyyhO2b,Azsdmpthznf,Mrllgpf,8Y7Z4FQXQLQ9YV54,1966-05-20,xpp
jdeAGdc1YVBmAil9,Xgnlbvuuojd,Nusgioi,XT59DOFCPNK8A3KX,1968-09-28,jnd
c5M2wqdiaLQvercg,Oimfvvklaib,Zvrcgwy,AGL2MLOXFHW77OYZ,2006-08-20,wgo
QPe21gwyKZtwvsOx,Xztvclujmcs,Xjvgsly,6D6SBOGCA57EE5JU,1930-05-30,tbn
nOim4GUlKtTXcJAN,Fjhoverczph,Hssvorg,T9UY8ZBLR47P3TS3,1969-04-30,saq
SrDPrhhisC9sHxiw,Pfuxqpyhfkd,Suytfxg,1NV4NRCJRZUJ4254,1938-05-11,kae
2t7kYCPvFKSimcE8,Ahllvriiabn,Stacblw,26VRLB0VOW4PCM18,1915-05-26,ffm
WzSPavQe6waWwWWq,Fuuxneusopz,Yirituu,34YLJWYZ85IHKQOU,1965-01-18,cim
8gQEA6teINf82XcG,Imdhymhqwbd,Wztbdwv,1721AZDMGRU16CK4,1985-05-03,kqk
U6X7MEee7DF1npGa,Eccfudbfotx,Lwuocor,7A8U6666PT2ES0F4,1926-01-03,dtd
u7oZ2L2ApoJblZUt,Ktatamaxpnn,Tnpemto,9WI0P0ODN3SCFYFQ,1906-09-22,yuq
NPGbdMufgXCJ3sFI,Trivilpqkfu,Udtiveq,Q723U3HQ9DR9GYAQ,1968-11-11,alc
2BrR1m4ElZK8fFxT,Charmjvvgwm,Phoplzi,XCMZPTD9HM4VDRZ3,2010-04-09,pid
QaPMIicArPnkND8y,Mhazdyefcts,Evhuxvb,IRHMLAGBFWYHQR3F,1948-12-27,lnu
ehuegm7XFlostG6g,Zuglicvklkd,Wwdjodu,77KCJEY1J9QZEAM6,1923-11-02,csj
M292bcvrL0S0JaX6,Gcdgvkemssz,Mqkbkgb,4MP6MWON04W4KK2V,2016-12-11,nbo
smFY4SKZINjrj5ay,Gwzenxkqkvz,Dcmkapi,GLQMJARTZYCMGG7N,1922-10-01,axm
sSVyiAZZAHiVWrc1,Bbxjysxtyol,Seihmke,R41S8DQ08Z89QWW8,1996-08-01,yua
PZOnPn18OiKgHrLA,Teidsfbpqfn,Rplcojj,0HJAHUJGM69DN10Y,2011-01-31,yyu
O8Nj64qvwtVcyQkc,Etbcvmeyifw,Psdpqck,XC6HYENC7K4PS5XG,1967-01-10,slp
vuElAMsp2HF6PgRr,Mjjxiplaydx,Alpbglg,TSCMYIZ6HDD7O8QB,2013-11-13,toj
gFLruuMcxxwAgl0D,Akrssrxaoxe,Bkjerxb,3F5GJ3RXNB9FJEYS,2004-11-07,omu
3SIL7SWTZm4sh9fx,Ownudlqawcs,Blklsvr,JP86CMYKSNFLJOBO,1945-02-19,twl
8b10JDpR2QKyUnA1,Fdokwvygaug,Igoopwu,JLGRZT7W128I37XU,2010-01-19,brp
AppP1pIMc3WIPiG6,Qskkzybully,Udktxwx,CQ214UI37T8ZELVV,1963-04-03,bvi
ZA2ceeyCFSQzujis,Zihpefkosxq,Xyoevpg,X2J85PXNL8H4UCPD,1926-12-29,bqq
nHts3CLaR9WiDCTm,Quzvdjoixdy,Gsaobfl,CM6JVHXW6KNZPTYA,1940-07-14,zas
gMOV4udh80WoQjs8,Wfxhkzgtqud,Iqspdlj,448RQMNBX8FZH06S,1987-12-04,yaw
UnFPTNZIvL5pwMqj,Lqzipuwjkqi,Cxloxzz,5GADHPVUSZZ3F7CD,1985-10-28,sru
WiHAhtuXeMYKoR0w,Rfzvsmjsgdu,Kwvwrxy,CTPOYD4G03PB7E94,1937-04-19,mdh
gzPT8f3sIK0YUmxp,Tuzlcnburzn,Htzjylf,Z48B9ULL7IRVNHUK,1919-12-08,crg
7lTmSuUu1Hukut9m,Bnnxxobhwie,Ccvvcri,4WK9PCYVO4X6MJWO,1961-11-11,nyh
7WvK5VgkMdy9gj1R,Psufyltowlz,Bxfczbp,97XUN1551OCTYHSV,1928-03-14,plg
eP566tHUAm6U97xC,Ciqcnwkszzx,Rtzyryw,9OKY68NLGLVFFV92,1904-08-01,jng
6ei4SM0bCLAlgvES,Azudfziadkl,Ogcjswi,P5V9FA8RJVOQ5J52,1987-06-14,bpi
WFRHkUm7ylcXXjqB,Hfgbwpikhor,Qxafiiq,Y64Z2KZHKELJYZ8I,2009-04-25,opm
AvM9XZlgiRCcCKVs,Grjdespvbsp,Glwrayb,IKFV848ND8B757OK,1951-05-11,pmo
g81sl0UqXPxn0ikW,Npghtxbsrhz,Btlbwub,3FLURQ6L0LZ282ZI,1988-09-29,cde
ko40coXKazF4a7eZ,Lohuknveasu,Pidlwnw,P5SXB5ZC6EWQRJN6,1933-03-03,rue
fRlLSIR5OSh9ujN3,Gnxtvimaxbc,Ufubwep,74HKX3HW0R6E5PWO,1960-03-14,ide
CceO37Ce8vKJVkWW,Acqbktzeath,Tjumvtj,TXGJV6W00RO3Q6HH,1964-12-22,usa
znsE1MHcl3sf7T3w,Cedmwwtahim,Emyclee,3P55ZLCHN6NN4ZK3,1927-07-25,gfk
3txpahMZWp52oRiK,Didjwnxwqns,Mhyvtjd,LUUT8O0ZWD12460B,2005-05-07,lst
liBZeQb5SlOrnfUi,Mnnuxrbhoad,Tamvhjp,73LMNP39IJTPK0C4,1937-06-10,xpc
wrgPLwSXoAD34Hb4,Xaxgdeomrxu,Zbeqnye,3V6GPEM467TF43UH,2017-08-11,pne
K1GclMLjlDPRnca2,Yasendfcyyu,Axvtcjl,YIB3ERC918FZL2HY,1908-03-27,txn
vMiyTotyyJKjP5ND,Qnrnzhqaejf,Hqizvsi,Y7K6RJQCEH9JQBGA,1923-02-20,kat
xNcF8GohJg4xbkZa,Pjreonaijwr,Zstcype,QOES05IB02A8WJH9,1934-01-15,ncj
K2p8CBgDBuQX0O2S,Lxekjwhfzqj,Nghpnya,98AYDACJ9K0TWYJ7,1996-08-22,uan
7PFzgjdV3vsQGXUQ,Olabwjlfovh,Izcjuyi,CSS993MM1ZX033D5,1920-07-22,bsf
WLByUq2IpWoV5OKr,Bvsjzlssnxk,Ihutwyu,VO94PBCAX287DFHI,1911-09-25,neo
tbi9KQhP5ARGIDyA,Ifxlrkdpery,Bjvwzvh,0M79AAZ99A29LXXC,1943-06-03,laq
bTTpoLjjpKmhsZ7k,Havnukitqfa,Saadgsu,S5STCA9X8EC64BEY,1953-03-04,gbr
oWY0c9yuEsQszCYt,Djeixqbgmbo,Jbpkzhj,9AD2KEXEYERGNV6M,1911-01-21,dad
eqb3IL2Zw6Lq5Do7,Xkjsnlmahjz,Rkuxedj,SUJWRZD228YVOZMY,1941-02-16,kmo
jjU7DSH1w9FEGRfy,Feqpzxmcczy,Xdomdwv,HIEG5R52O58BYY5M,1985-04-18,ksn
DRjbNgcY7Uv02qWA,Rsedzytuxhl,Ksiwlbe,M2829A7U0HIDOVVK,1938-09-11,cga
sBxRWpVrcfmj5t8H,Gizetmkkczd,Ovqfeyj,KVW8JBQS3YP3UFHI,1981-11-07,irr
yBbHcakw7X9UdLc3,Tnaddbfmfli,Hvzrvcb,8YC62VCZ10HIOIPF,1972-09-16,skh
oAlWPTGavoHyRtOV,Ojhysqjjnam,Srwcxhm,56WOAOF42LI0DCWF,1988-05-22,xqa
HtzdvbXIkLDun2Qf,Rkwjgadllqj,Bpvleaq,GX56XBRQ1EOR269Z,1973-12-28,cnh
jcIJ52tCk1R6v0PJ,Kifarlrpizr,Hvczwes,S4VEVMDBT668KYWB,1954-05-16,mgk
BmbwwjA1H92tMYcM,Tplwyjnqopn,Vmovgjc,M72AOTYTSZNW3HEP,1990-03-08,bge
WmhLEyjDFX6Idhmq,Amlirbygxkb,Zknudek,UIVXEQENPZMWP99P,1998-12-10,niy
9LakjiG2HPZ9Mcw3,Rectbpsinck,Yhfmdli,5SB6YSI21FI49WZ4,1928-06-17,twm
atgWVIKMa7V2hFnD,Dolhgcijpnw,Ksnvcav,8O3BBUPJIOWJLYBQ,2019-08-27,jkm
Mg0V9Pr452wcqiZE,Tnxptehcxzn,Ngauppm,RW0Q8CHJGE0G2J6O,1945-12-19,bid
FiPg3vIsmWlGi8Hw,Fpprgnhlaqt,Yeopdif,5IPJUJSP4E6GBSXU,1952-09-21,bxu
W388NCG5GDcAeuVk,Gblevxttbph,Jtpyiic,WPX4TZ9AMYX4L6FP,1978-01-03,agj
n1C6IPdJa27dnBv8,Johrnmfvspg,Xmsttvf,YBDO47SG3RG77LEG,2000-09-09,sxw
5NU7Tty4atFpefbX,Sndqmaehjwx,Frvjhvt,75I3CKRNA27BZK1R,1983-01-03,xhc
DKqJJd8BA9AIGPOi,Fndmwvzetwh,Oyqcyvy,6KR87812KB3X53U8,2015-09-19,asm
Mkodd4nnR1XoUMBa,Mvzawotmhyp,Vrzminz,67HSKH4SY7EFHO1U,2017-01-24,mkt
7QuV9pBhrvCIV9LC,Qfvnygvhkwk,Zxbhikt,385WWGKS2C3YLAHR,2005-09-10,sfs
nu4yevLssTMfl3Mj,Wzqbjxbcdto,Jnxljiy,6FDV7IBLN3TF0WS8,1929-05-11,xps
CLgR8ayU0wmjkLJ6,Gppupxpwbto,Wngnlzm,9OU6BNU7WG2FNY5W,1950-09-21,wbi
uFoSySPTDdmpePCO,Uliuhjmdfpo,Cbzxrij,5A80UH0J96OBZPG8,1948-12-27,jam
9GSjcIKIgcaYzdMo,Dccuwkzvpmb,Xxakvwt,Q30LFP71M58GBX1M,1971-08-21,ngc
9YkoalHYMckoyE1R,Psanogmucxd,Jbipbac,Z6CLRV2UK2W59D0A,1964-11-21,lee
vrj6H4ZGdOryzdv3,Nrtrackixas,Yjpuwhz,RUYWMW244Q7XA3TJ,1960-09-27,dov
lSdua0LZNFuRkrnk,Enccguzfiao,Okzkacn,L4G1BXUIUUIE9IEF,1927-06-26,ahm
qiE76fpbQOb0W2Xh,Upyjzsryifk,Fwddufq,SWK8B820AVYOAVWR,2004-08-17,xsl
nlcp5IOnNzI2kR2s,Xypumjloejm,Qxrbgba,DK54KMP264RHSUYL,2016-03-28,xmd
zrVhzz3SJPmckMjV,Jjagjdsgafa,Difwkdy,U3XFY3EQUJ5DONGL,1948-05-25,ssi
u1prh6NAKe6woX3u,Sclspxtbwaa,Foxrdak,OTX0YKUCIAM0W14T,1932-05-03,mli
zAtY2ACCuQGwIphc,Irzasvhhter,Nrrplsr,9XUZ4SU79LYZ5YDX,2009-01-07,ple
1s190l6jN9H9U02m,Ocogrjzjvvo,Egrwtto,OGA76M5LD0WH5IYR,1901-07-18,kfx
mksuaLBbOvjNbBNv,Npmlpngvlaj,Qecazia,VS97JBBZLCOQ8MZE,1909-12-22,kqz
f3xjoEfh9OliNAsd,Nizeboigqbi,Lmggvyz,I5Z9950RA95XN1TO,2010-04-21,rim
Bbkv4gXTl0vCQsRE,Xiczpivqnbq,Tsvjnsz,5X5ZPSFEHELEI98T,2014-01-17,txu
aIU5VS805Ui6BORi,Uuwluhfugge,Kfkrfth,MSNFR38S0XRS6SO2,1914-03-19,tby
TxcBaw5yr5Cq9nyz,Kixgvyofxwc,Vbeydvh,0DYBUW5EQMJX0NNY,1963-10-31,dum
gf3cbTKN8ngHb5Ad,Bhajaxeeuox,Ohyhctv,QZJ7FFUGYAM7FI62,1958-12-22,xpu
MLkPzHpbWL6psBut,Ehyigsmpyhf,Lqratik,DUWPCCPOBRNOXPTX,1909-01-02,hlb
Wwik2GJzj522YDLq,Gsvqbnbufgr,Gobfmpv,S1M1OBPZL3J01MB8,1922-09-17,yra
VXhWyUd2U7swwdDw,Uetasckljrs,Kfuenkw,6G5TXW6S7AOB1ZAW,1935-11-01,ybl
bwzH160JPDnC61fA,Bdfxthyxmpk,Uxnuqyo,22K0BNI2W1UY556G,1980-10-01,clj
8YWOiQHWjs9Uu823,Acghsijsqsb,Ogjoymi,0J8X6RKSS46FP14A,1900-05-14,aji
GALi9PR3VlpPNada,Wwnyihzgtpo,Dcxmabu,A0ESCX5QVLVA2DUU,2008-05-26,aeq
Dzu4NdoLqGyiD28C,Frygwekthfg,Zsmtrqg,JD466JKC9QOWVXFV,1957-09-10,mwi
qRYUYEXwKIunHUtb,Ybaswdrnhfp,Tsspqii,0R5TMDBMIDT3FU36,1903-09-15,chr
10hgITashlODAcSz,Cmvmfhsadgg,Mjsdaeb,AVY9TR7EKONN40Z0,1965-10-16,tae
rxaPFwpKAIJlBSWC,Jwggeevihhl,Objdpfb,A7H9L2LN35TYSRZ2,2017-01-06,tmi
DJCbZkSEhfGS6Q4l,Xvyxoegprwr,Otobheb,GCPX7DQJINDCWDR4,1940-12-05,kpk
zS0lCZhXJUw1U1bK,Hccjxwuiaqs,Zcqrfrq,QW1WTENJF2GTYMKV,1956-02-09,sow
rXSCVd9RyOQXiJ1p,Vgtthkltkjv,Wksntqz,CX7557A33X9BATPO,1991-08-30,mrj
y68uGMzIN3rnfyj2,Hhkucktnpiv,Xgsfdoq,AJPF3C873Z9P04F4,1989-07-30,mgg
SMuZNw0zkbbVVBmm,Mmxemczpccq,Sgcbpmf,338R1OIK4YICLZGS,1952-03-11,csm
HUiKicWN1iNnlZWY,Ijpnovceshv,Ztazizg,UNU7L3G6CNY56RMM,1908-07-06,shs
0yt6vZcGwcrk6TXX,Sgnrnlziauq,Eegfmif,2UVUVJ83MKVX4YOQ,1944-01-20,xcg
DT298sZZjIECapec,Fgxglitvsyn,Dgyvtfo,JH4AWJXEWRJVBUKW,1900-07-01,wky
fsOjTHOgvAL2FDBz,Iffdtyxussf,Oqoyngl,27KIJZQ43CGPSEBR,1948-04-25,kkt
1CDkijLygK5N3XnB,Oapartcdylr,Oizghfn,ABUVQ9LYW4LAMTLF,1931-05-29,szv
5URbPbv6Nz57fwTP,Pbglyikujto,Aetvsdm,PH8C1FGLUTNCKYAP,1920-12-29,ren
6cMSmUrGgff1PPM8,Eypyscpgyys,Uslbpha,35O1U25SYCL1OATD,1998-02-24,dek
rd0dG7QTlz9ovNID,Dtizsgfkecg,Showiyu,6AVGE277BFH35FW5,1910-01-24,hif
q4J0ofgSr9YZr5NN,Rkfvypshdcb,Tegjofa,NZ9PFXURRX2TLYM7,1908-08-25,gnt
tg2aB7jCofInk5eh,Dhcehlzsabc,Skvucox,X4SCV03O4JB2BP2C,1923-03-11,tca
cvOMhhkZcgMrQ9ds,Sodohshmfcd,Cswcaib,89FBO3D8N35B5S2W,1968-04-08,gat
gTcR4wRXwkthwpdk,Ulrtharuvkn,Ntwpijy,4DZY24JASTMPV1OM,1995-06-20,bxz
cPAHQ1CGNNoSU4Zw,Zdzpwhhqnnr,Tuzzqem,KWE3KX65ONY88G27,1999-07-18,bci
13aosURP1QT1tBzT,Kwsbmphlyxg,Ortczzy,NY6Z55FMLGTVTAYY,2018-09-01,pgl
7wAQ61OBVOul3ZMD,Pnxpzehnhoc,Esahley,ON9S1MNRPQD465ZW,1922-12-04,hti
skmqgDnbjTPUDrhS,Givyvjczdkg,Bmhqkgj,IM2C50M2WDPUNQNP,2012-10-24,itx
THwLpGEMQ1r9AFY8,Dlysqtognif,Fhpcafe,N9OS0J60HNUD2KGE,1930-07-13,mha
5B4jg1gpkLPlAg2G,Mdfmaixdoxz,Fhkepkj,2DPGJ8Q9OF72T3WQ,1991-07-04,agl
z8WEsjDJ4dp3RpmC,Mxipqvsppcq,Ieamhtp,3GQLTPZI36GRPCH3,1992-05-01,blx
L4Rp3CvKWOrFmzIp,Dcrzwpnasit,Mvmjkpx,RSDTIEWRPG3M147J,1959-09-03,rah
NPeesgqjpSBtpM3b,Fsvkzzhtwrd,Deziiip,I0HBRI0HQ2I8G417,1922-12-20,mku
fXb5c4KqdMBXjHp1,Mmmsjiwpmvw,Huvprig,Z0I5ECMX6TVWXHS6,2011-11-26,liu
8dzpKXYsWWZo0xAd,Bcijjyityji,Pjwtmfu,TS77IGIKUFCBRVW1,1931-11-12,csy
5WlaHZi4utcx4FpG,Jehjwjsyxbj,Yjcxmal,N6ILC915IO83L7X7,2016-07-15,tso
RgSYcBWg5a5buQOf,Cpgyljeclbh,Qgwtant,XERSYAH7CF5LL8PS,1914-11-12,bvi
ZvLUPyo7pZIO5qxk,Uexxoisfjcc,Smxywue,64TLRD44HIEYGXFH,1952-01-27,wea
YVvpbVtTUJgwoL1q,Sqpvkgojtle,Ivopsze,D19DGV985HDS2G1Z,2001-06-06,gdb
RdtqqmzSWJGZR3Sl,Ginebquxhjk,Vadedxz,MVPKHFB0UMVKJNOD,1914-04-26,caj
GKNbQS2HYhKuzYaS,Hgjtyctyvvz,Nrikcek,X0ZOA0UWZ7V24RCU,1952-03-16,lbj
i4CaVNJnVz4fjLUd,Gxwnovsjlzq,Gvoukkv,PFM14D3ST4OR4MIE,2006-06-10,wnc
aQgk6PI5SO5rJBHi,Tctykvkumvg,Cgkxnuj,VP780JYV0ZCQQGLY,1973-03-24,pmf
xLeHZu0WfWmj9iQR,Ztmimkxqigr,Cuiuvhz,JKOB9RRZZNIEQN0A,1929-01-11,fly
izxrw7xDT1kLTtC0,Zccykeyscsd,Qwlxlek,ECEPZ41U3G9BDBXY,1913-02-13,cnx
JmtqHXQCErOw3JP0,Phlenchxvad,Mxnnfxw,VXVY3RTU7ZDFYABO,1905-02-22,bfs
aiqD2hDlBNEgpxbK,Yvgoyuwjsks,Pkykzeq,Q8XZBIEKF6Z5J0RO,1904-07-06,ynl
xPMISNtBzPtUcoDU,Zmwpuwzgtbu,Noibxhp,5RIN91D5URWAWIIV,1918-09-15,ctt
EVqpqFLwJtWbrZR2,Pntmauqcomv,Auzhowv,90F5D37SZBR3MBBE,1993-10-04,bhw
xMdGzRxm7I4fNuu6,Pyyvnaatkez,Epykana,TYSEU91H0F58B5R2,1938-01-04,ekc
HHhyPyWcwwXqc8GG,Lvqivusqyvv,Dgcvsoz,XL21YR45HWW8ELII,1921-10-31,wmt
oMEDEEiktr7YvuWv,Wxmypexxhup,Kbgcwlv,PZWD0Z1ECMFLPV4Q,1924-10-08,atc
vgXx0Qq8oDHYKZ0y,Bwjnnjhewkw,Ywghvzf,CX2YRZ0P83GLLHVX,1951-05-20,eri
4CJQHAEiyfKCYT4g,Dxbqsdigijh,Weoevvo,648FBLKV4YEH0Z10,1936-05-11,hna
IKsPB4GErGXP6YFl,Ivycxudshvw,Tsqtzaq,L48ZSLCBTFEZUF72,1952-08-15,boi
YC1LmczFocBtJZcm,Kbcsjvcgodn,Hgzaowg,DZULOBX8SEOXXK3T,1941-12-04,ree
YgdUQ4KCN2hZr77o,Pzfhnxeviqr,Qktvsvs,MHOP71INDAWGESOF,1993-10-31,sim
4hSKnwJxXWpjVCHL,Uavdmheaqqh,Dervrqq,6O8ZGK1TEBTZ86GM,2004-08-02,cra
vR8TFtVZmDTYMlcP,Txyvtfouixn,Oznaavb,R6F580SGZP9VLXCS,1910-04-17,now
QNQP6nPNX2m5qx6U,Nbipqotfsih,Lrinycg,VPOVBAZHTK2HV0CP,1907-05-04,udi
mQX0Ymlvr2vpMR4T,Bblzygxcslc,Pzjkvkt,P3KZG8D98UA34XPG,1958-05-04,kcx
EMKapnJO9pcgkbLL,Njqqimavfqm,Rmqdapm,C2EMEKI6E60DLIHU,1991-11-18,msd
aWDSuKq5e15cV0wz,Cpxyjdfjtja,Rdcgxwy,5G2RW1C6XC27NQ9J,1901-07-14,vgt
FmsCYHMcDtBAUbRk,Ozxrkesyube,Ltbahzd,LOB6VGTUZJ7BBZ9J,2008-01-05,awi
8v3sDWhwgT35h1aV,Jgmckpjrieg,Xyxmnbt,OQYPEC8GB6K7CFL4,1954-08-07,kii
OBXntHmSNjaQq4B1,Tciphdybfpe,Ffbfpkn,GW4EK1Q0X921OV37,1972-07-31,trd
zwQd8zsmZ3OW1bJw,Kzepnqkjjqy,Nnocrpz,27AFDDP6WJGMY2DK,1908-02-22,drq
a0vgeDj2dtLM4eoA,Xuorxfmkziq,Bebyvgv,40SALZDB017XNR5T,1911-11-30,lmc
aOnNG78p2IFOCyXW,Erxvpxizdnz,Wpcsxch,OX8P2IHUJT1KAXRF,1932-02-13,air
Be5GmCV3JwimCJKL,Vontwtehxkm,Gtuykoj,5D3R5PJUEQHT4HW1,1910-03-30,tmh
ypFo2RORs3RIQi0Z,Syqfveevufw,Aiaxxbz,1EDA0787VVLDDOKK,1992-09-16,zgn
BTslk7VkiszdkgaH,Jbpnivfkdlp,Itiguuh,GUZ3HJTKSY3LFOSZ,1994-05-05,zza
Iw0lTGNYhJx6XBV9,Svneodlkgzs,Lzsdkgp,EX8YRIU48FW7403Y,1940-05-25,tgl
5RiwvzCsVZBFtjyQ,Dlncpyaawux,Nkywzcq,VABO6ROQ09VFZSK4,1994-10-27,mfm
T2tM914BUaPUAABK,Vacrdpijtnj,Xcalayu,L7LAG14MOXD9VE8B,1932-04-24,ofo
yeCKk8kbOIn1dMkn,Rcqygemuldj,Awulfxo,4J624U9R6RT92STQ,1918-07-04,ofo
h0SPXt7BUBdvcIPc,Mepuvuxrzsc,Uoutzyv,E2FFML6UI4F3FE2D,1979-04-15,onr
d0MdAcY11tj9jbGF,Hlmdeuspxvd,Rniqxjh,A9SIJ01Q862SDQKG,2016-07-07,men
nN2BCgNOKsteuTam,Yeznflhbsdf,Wdnrxgm,2YYY8YIQX833Q4AB,1937-11-26,cim
1TgFCBYD9KU40JzQ,Jsbkeopcgor,Jbyrbix,C0MCKXML7FS7WYT3,1915-07-06,csw
xIx7F6KBvdUbpmn9,Rwragrglswg,Fpozsta,QVYDTO0JN3LEJCTJ,1975-10-27,goc
0L0IudcPvHTPzpPQ,Rceuscszswi,Cifvlxb,NVX7UWWI2YOCEYFM,1991-09-06,jns
6YwWnEhG8z4sLLwk,Yfrinqckgxr,Zuuwgao,RCR53AB8KWATJ6NN,1982-03-28,plh
Dff3ztHvvhwFNIoj,Lvvyedvnswg,Quipvai,NCXIAMYKQD2F43UL,1926-03-11,sch
V8hyW2oueTRAyalp,Hfateryqlyn,Jzgejan,HL8IJI38JAB9T8LH,1956-07-22,ckr
xV7Z5WNUwYgofIxq,Njugvikstbf,Pmqavji,Q4SWEX6C5Y2TNAOG,1927-01-25,inn
T5TjeGnlOMqVVX9f,Skeobuislej,Qkaogsw,UZ2TZ0YZLSJXAHSS,1991-11-30,ump
sBllfRLL46bC4sqy,Khpgpxfpoja,Hybrqii,J222PZBHAIWF7E6Q,1908-03-14,ngq
l1XRz0sINJMWLMvd,Kccjgsjhusn,Ylnvbiu,2WTRSAB82X3WBVKS,1956-07-03,aea
dZjC3afluLAr9ZsL,Yffredvabvn,Tcmojoa,6STXE0O06I0VPMAY,2003-04-08,mab
ZpoDeBwOv9xYQ5YI,Hkrcvtmfjxw,Vxgkzfi,NBPBZWP5G0GUSU6I,1913-03-20,dbv
UvWbw3zdHQPha9te,Qmxucivfabe,Asimlvc,B0CO4Q9UBD5QH79A,1979-01-31,ema
iuzz18aZT9gy83OW,Ggrfpztpsbn,Fcgahbr,8VSMQOVIFV48R1SL,1967-10-03,buo
x82jPD1qmRv6lEv5,Npdnehwnpgx,Ljrzryw,ZRRQGFOL1NUX7SKH,1929-09-19,ykl
YfqZzEU8eK71smOM,Ohzretctkpr,Wchziez,PSCQ32N9AB5AL4J1,1937-07-01,bpm
eogIa7Dr1AdbfPZY,Ajifislgczc,Bkmydba,52CGOUUAU4HB9GB9,1983-03-29,ssb
pFIaQnGTqkn9BDCS,Raahzpgymle,Vtshqvx,D042MPA4N7WZ7MOD,1932-02-05,txe
V2xOWGVGPFb5ifdN,Rxhaanbdkwk,Rngbqqz,OPUW9L1XBJZNSAGT,1903-12-05,pho
RQnk3ciBZi8jqpIb,Jraegfsfuqj,Perekbd,6MIZLIIR6LF7NPXF,1963-04-25,gux
QWQ8b2nRb9BI84KD,Igaelpfmgte,Rzczljp,7KD9DF6SGWWBR8RW,2013-11-19,lat
LxO0OzhdASb4omdp,Dczwxrwrjbf,Ikxxiok,1TVMZ7E2JF418Q9C,2018-08-23,afh
2MNoIbXFTB03sFfF,Fwogewpxioa,Ikevwqq,XPVEM300IZQ6OXQB,1978-08-01,yss
Kr5KegkURPEdqJB4,Cdazrquqppu,Tzkflfd,UDIO9U8H2ZV43X0C,1998-07-17,xpo
9IDnjCMyQQbZp7gj,Akppkezviue,Bgrvrxb,O18NPR4WS79T8T6V,1988-03-13,caj
AkvWk82xOEBmHfFT,Ojlhvcsysuo,Lzadofu,J7VHAMAG6O7ZY9SX,1940-10-25,tca
HeNj52e7SRwcmlWc,Qpnevlinkoj,Pulzaew,EV169A2Z37QWCMER,1995-06-09,yud
eNekCYKEZwygXYpR,Jkvorzgiizw,Dgyvldr,8KUI3ICP1VCOULOQ,2017-07-20,dba
luUsrEfS1B9HjTRj,Xgbbfpuyihx,Fealkvu,JLVDF9NZ7DZ9C39Z,1953-06-15,dbl
qqvfdpGl2yeNomdK,Advvqykcnqj,Eaeujou,45ZRGT7MSODJW5EL,1971-04-30,lcf
xFaLhiAIgdDzYstF,Ihviglwooyf,Upqcysw,0R248LN9X051ZGEN,1904-08-17,abw
aTTs6n0NkSwcqfAZ,Qwtxohxnavr,Xqacgrh,YX5OCF4HIJUHRSR2,1930-08-23,bgq
iXMs47UYN61jEnpl,Vpmjdpofzrx,Guxzcrc,YS4R3LDV8HPXQT5T,2011-07-31,iow
QkxZ7ZQkKTLX3wql,Bxtbpsqhxsx,Ntgavxo,HIEQQW2RY4IZ6SSH,1988-07-07,ian
1ESLCHmCAqoH1vp4,Hqqljsdyuma,Guqbyqs,ELR46FIBLD59W4WH,1975-04-28,muz
H7gfyHIVoj9fa7we,Egwvmpnxrit,Ifeubak,KNPPDUCHCDYM9LYP,2013-11-28,slu
QEcs2L2VTtnpzFSv,Akhrzwcannb,Uubppdy,1WP1IEPYZV0T7OWE,1943-05-27,dus
dBgOyAq3oBlBcooG,Sgwvbcrchpu,Isxmexy,159WSAIISZ4GN5Z0,2008-11-11,mav
VaubR9dDfaCgXfQU,Mrfppsyqeuw,Mfnuewh,RWF80Q49DSK62F41,2012-07-13,mgi
8XwB6viT8cvBWzHe,Dallsxyozbt,Zmwnonq,8HAGCWE7AW4GZT48,1903-03-05,hms
vzYff16qoUuBc78K,Hnkdqjnogws,Sugawrq,1ST5NCTQVM2IBRNB,1940-07-21,cmo
8v1mf7yqosF9YL6v,Oosxvgufrcc,Lmcpkcv,P023SCNQQ9SW9CZH,1971-12-11,qya
Pvvqa0dFo3NiLpP5,Layymkjpgwe,Rliobyc,LSGVEO7OGIZMJUI3,1926-03-01,kkp
QXdtMNADTWS8X8bJ,Inisnzdypwa,Zlshtrc,SOTNOI8DKIOAK5KZ,1903-04-10,ksq
J0Ar8jragH2uvzUC,Urxkeevqpjp,Vgpunfw,X7GWHME400XEH419,1960-05-17,esu
BlZdfLOucAY3Ov5W,Mtowcigqbth,Spynfkp,5SZY41PSWR75VFCL,1968-06-28,dbt
bTBL0ADwQJDR5qCF,Qmfpwueocnu,Qnjrvgu,V8SEFD2LM1UOUU7L,1944-03-26,cut
wbNVAZEjRbWoNUqz,Tvdgkoivovi,Jjeiqfs,ILXPDYB65RRD8UTO,1970-10-13,bgp
n1v5vYr4uEYn54AC,Ssoamttnkwb,Pgsoeln,52KI2W9EW8NU36QW,1977-10-03,lad
mVI3WFcgKJIsHKIO,Uxauaiiyrtl,Tinyxvw,F5DX656PZZ25O063,2000-01-03,nbg
WwS5b35PUbohVoD0,Cgzabmflozs,Bqezwlm,NQS1DG5PBHQGCSY8,1926-07-16,xrb
XrUAMyD6TLmm1rHP,Lunllnnlhrf,Abhzavr,5JRM1DYJ527RJXZ4,1954-01-05,mmn
iMN4knHB3mUoVt4D,Qgfugfoeqve,Mimnqar,ABD88CCN9COSHPS1,1951-04-28,urk
ZaYWzpAn7Eti08FH,Pltsfteclks,Duysdsm,I7Q8QVCDCHWDP3VY,1960-08-13,gur
hcfR6PDUxgxkAloK,Wqpwrpqzrds,Oolnybp,3Y8YOYZ7IN3ZEG9U,1930-10-03,mae
Sf6MvJbY0Irut5kl,Dgrwpjbmvwl,Sbcnoyf,GCYNJ5AWPTTRZV81,1934-01-05,brz
I3EZEioIwwvFkLNH,Gkupxustgjq,Lylizyv,6M51V80GNMD0QH16,1974-09-22,nyn
fjSXXN4DRiKJb2Pz,Amvxijfqicq,Msdmazx,NXLM0QQR0NK43RIP,2017-12-21,soa
PznnzWGwHoNeselE,Dnfwwulywqk,Zwskler,3DKIS219WU7VNREN,1936-08-27,hak
gfVulWUlshL3olYo,Bbhrvalzojb,Vqfmwqr,1UK2U1JCW7DVTMES,2001-09-23,tfo
PpX5eBQPy33dSXmW,Oyeqgkfqqbl,Anqjvyy,33AH6J1BDX5B6ZNU,2005-03-27,bfe
NVpuE4PLMRSUb5jM,Arwqvwfxyyg,Latxzbw,EURFRKC7XTAA0B33,2010-09-20,kyg
2gqAKvcUgN56ooUv,Fcafwikzacd,Llhljvz,WYW9WRBR0QM0C2FY,1961-02-24,fax
cvpIPiXW7sDodmxS,Nfsdswavzsg,Rezclaf,KJZ06LVIOQN5LGP8,2013-01-23,brd
5jFuYrv9ugIEdq7S,Ipucmlmnywl,Eemkccv,3WZZ1MTHGNHPIKTK,1901-12-05,wxa
OnLWyOfaiT6Kkvtx,Lmfquugiglf,Mesgbhb,ITDWBCJNY0V75VJV,1943-11-19,jow
n9fX1Ckm0pVIqL6h,Qdebqvlzrgy,Yenpoto,5CJTN37U4Z7RG32D,2000-05-31,xya
Pt63LkSOV57mNchz,Tnrozgxyeku,Vnvaqqr,W7FAJ2HERRZPBRPI,1963-12-17,rif
wkKiOubbITptgpi4,Vcrlsgjyijv,Bcgzfjb,KSE36KRVRN72MONF,1978-07-16,yij
9RfyMbpRX0sx4RPU,Cvpwnsvcxfh,Tcomcxr,7W9C57ZGZMGUIYI6,1906-04-07,yum
Yc8U664wo5KKSk9r,Dckvjyyocub,Wywesho,3Q66OSCTQ1TVB0UW,1900-07-20,eiv
pppE71Ff2d0p14H1,Xumtaibeqvu,Hdtnihk,T3D8YXM3O8HAU0MP,1902-04-01,slr
LTnZc6u5Q09GD9Sk,Xrrktnmanuo,Hnqiard,Y0O6M9NXIXGPUQCG,1933-12-07,bvr
wZlOfkx98eUPVwsM,Nvzrgheoaxp,Reeikmb,DA80YL95SZ3ZXYFP,1954-09-23,nci
Cmnwms7KxgZzOy4E,Rndaeykntpp,Ldqbrvg,L4W5W3CNGLGU0H0N,1909-06-02,kns
CPLFQicNAUqVgBWn,Cbpnddjtpqc,Bfjpexe,2Q2G0OBEV5EYC6F0,1941-12-12,pkp
f2BhpjQpG2xEdxCm,Bsnolxgqjjd,Wqbwpds,1QBSQTK65VFZGFFK,1964-09-09,wof
Glj6bFGf1tlQgL3h,Xejmdxytvxp,Vzhweld,325BUPQR2IORRMBQ,1990-08-04,djw
Nb2p5z2PLcT3XaLw,Gxcfwxxvpgm,Qrcspwf,7EM4SI7TENW8AF8O,2014-09-13,uve
9ltsCd6Dl3EgsIJK,Uohgabhcnqm,Kmadzmi,IAI13J7LH1P3MP99,1991-12-27,kel
Vine5uyqOBXvn4Tt,Cknvezcucts,Lwwrqwg,8T25WRFBZMBHAQ6N,1925-03-21,bux
eEgDxZVpHHTbTInX,Zubbfpouiay,Swzneiu,TG64U316K9LXZ3US,1967-03-03,bnx
fq6WNWwc0TodDVxl,Jwvhvcpqcmy,Zdiaozu,7VQH95TXGT0FT3AQ,1922-10-12,pgu
x3AB5uh3oNWmgOdk,Sbvuxworgif,Zetsdxk,GGZ8VYSYPHSJ2NLY,1946-02-23,quh
s4nzar5axlZEAr4Z,Grldmvaeped,Ojygsit,3W3GWGOO15G206A7,1914-06-10,zmi
mxYZL1wiZjoN5Of8,Cxtnynhcbdq,Rcaujap,PA10O1XTRY6QCJ6P,1920-02-19,mrz
LJAc7tc46rOPkYvN,Vcahepssejv,Ckigqtw,FTQYFN3PII0MVBVR,1960-03-11,bia
XIvsanpHl6ROBTUW,Sfdqtmimhwa,Dkqqyyv,P0MXIW937QPGFAXH,1908-03-26,quc
8Ix6fReVxZednKqV,Lfveyxeitxk,Dfhtoxa,86ADEAA8A0I3OBYJ,1972-04-16,rah
ThhSXJK7al2LWPia,Gsheudflbil,Micxlhx,LR3ZZGWPV0KJ3AH8,1904-05-20,xlp
UMH8zaaYy9J1zczP,Vyzjwvzngks,Idmoosv,5ZD6OCJNI2BGYI7F,1928-11-26,mcx
o4SBA1u1Mbre1fyB,Hmxwwggiwhc,Pljgyyz,DW4NP9RBMO3XB2CA,1985-08-04,ben
bzmWCsHDV2SJmm5w,Xtszactzmlw,Tgvzlxh,5GN62PW4C6BK5SQ6,2003-09-26,mmj
umeFumQYT6OwyJGg,Abfjzotdqpj,Aoljfnt,BDMTP2LOO8CF0N5E,1933-06-07,pmf
pNQGmHON8APzvVmL,Jigzysyzehq,Hkhbeys,YA1DG811LG27OAJ6,2016-01-11,poc
3V4oVlgbJvgTv53B,Ifhggmukfjs,Zmalyjk,OOIOROSWS3QLQBON,1912-04-22,mbv
jjQqcU1C7kc5dN0c,Xfpptgwtrit,Dyrulhc,KRIG8G0AEFWSURGS,2019-01-03,ypo
C7crwPiRaOGFvTz8,Nbrrhiclsrv,Yvzzeqi,4KO74SQ1TL7QUC7Y,1938-01-18,phr
C7bRigj8bKZMWVOc,Bsobqrfycnd,Qfcolpa,T1UCNVDESSTBVFWH,1998-04-15,kef
QAKpVARFJ2qDrkG3,Kwcahpifzlb,Emljmzs,8V0P8KK0SDKCJWUH,1935-10-07,gau
NUYgMHhCEFLBE9vz,Xxsuogchysk,Cjcxoiu,7OAE6ZEC2O6AVAPL,1960-11-04,asv
jejRwLDrJXoYSOxg,Rucpukarykj,Bzqfmhn,T96GQYKQ8UK016K8,1993-08-08,ake
HYlEeycLwXCX03xP,Ymslhqmdpin,Wlcqqpd,33XT63AZNIRDN0PY,1908-12-22,vra
INhZHEI6VqfYQUGU,Toikiaixzmk,Ccxmofg,4MX4FOHFYVKB5T9Y,1933-04-12,snp
WZ9f2exr8gtJffEf,Jonshoumjmw,Yzcchfo,58R6DUVXX1AYKLXP,2007-08-26,rer
QR9rkSHrA2UDXKzI,Xvehwpjyhdf,Yvpychd,NLBVP4U05B23W30H,1985-01-25,tpo
jrmEsbpsO3Kx8D7Z,Yvsunslzcem,Aibswpm,YWAY7946ROUJF6XC,1913-05-13,dru
AW96BTlDQhj85o1T,Iqakurcegtn,Mcxcxnj,U7RE455MIEYTN9PW,2017-05-11,kgi
DoEbxtB9w9HihNaV,Zlfsndkowtt,Xcycfra,G3E1P9GJLX79BTT2,2013-10-30,xpp
6pDAYGndhmz4J6lw,Seorfwxqlvr,Ujrzpwb,Y14H1IORKP7NFORU,1939-10-03,yxm
RaipVpwaTD2UoN2c,Ibgvpvttlrb,Rblwtmc,9CPI33VOC9JJXLNM,2018-01-22,krz
DV1LdbxK19n53mGP,Bedkbapowsz,Jzndqrt,1C09JYYSYTUPB6SH,1960-06-25,glo
XWxzImUjshcYwdWi,Gqdmetkrvgg,Yedttcv,R9BDAC63PVNZ4QLQ,2012-12-07,tox
39jL6KXzk9BzhSuk,Baoqugjwjxx,Bujgepr,HZZEL7K727F2RS4V,1957-01-22,ckn
XoqMFPmfvgo5Igq8,Autgpwypcuu,Vqyrqzm,LTK3CGKVL2XCQXP3,1982-12-08,jgo
bgNN0jcZnYcowh4c,Cdqanjviaye,Stgsaht,KTQ7OM43WFRZ4LK9,1960-08-30,tcs
OooJoH928s7sCbDe,Bnjuytagbki,Aajmgnr,GLP7TLOZCDTWOL5E,2009-12-26,juk
IiQncGLoLmm1kmSi,Zqygjsrszeh,Efzatou,EEUIGCTYM82HTTBQ,1906-03-19,ple
vagpiasCaHT7RkSi,Fuwznbdzzwd,Eqzfzuj,OQHNY2ITNWWG3BPU,2003-06-17,nsa
ML4t6jKpib3hgEYx,Ikpakqzqkcw,Ocbxutc,339HSASOQ7G22S83,1959-03-29,nuo
X8crZ64gRvVoahQO,Firuwlequbh,Sjutdsp,06SR47W3PZM5XIAU,1902-08-18,kgg
VEbogmvMBXlSskck,Ssfalagtvjd,Dytqonk,19745U60AZP47MWR,1930-09-10,bko
zUIQqf0yJ6EkSkEF,Nqqioonqlkv,Lfjmdxg,C85OZFF5KGKKOV6B,1977-04-21,tim
t0CNSSozN9oSu4nL,Dyzajsqwvil,Qmdopik,MXFL5U4R4X2C3UZ2,2017-03-25,bhs
iN5q3Xf936o0kGGG,Vtimijwgzdo,Tujwkmj,TSCPIGY5HQJIQFY2,1902-04-28,qug
CNirdUiP74B7jJIo,Qlmzpwwfziu,Aawzvrm,EAIQZ7PLM2AUT3N9,2018-11-07,ydk
2AfMJ1SVqjdtISiA,Lgjpjwclvee,Ocmlldk,VKZUHQWGT7HMN3WI,1933-08-16,prc
o5ouY8yf8wGq0lxU,Qrdiuhwfnkn,Shllzux,VXU1LXZG9ZZV90EK,1932-03-07,wnb
qXG5NkUV4Ol7wUsc,Wzkpyvlzudi,Btjbhib,SAS8KXCZ8K43NI3Z,1963-06-22,lex
zmlJi3xxN1SRaPnP,Asoxudgbdhf,Plukobp,9DT6FSRXGO5CZITN,1913-10-19,noa
59KdSprJbaurJGet,Wuisrjzmxkl,Jviupbh,V60L95M3L2JMLNU3,1981-05-06,kpx
gZBxETK9YSNDjV5l,Zpoxwochyzj,Uajvzah,LEF8MUQHGU1VB3KI,1922-04-28,opy
E0Slk5iXkul1etGC,Cmqcsheyzih,Ogsmfgr,KW5G7QO1OC9Y5AJ0,1957-08-30,csj
ytDWJZvtNHR1UrpI,Juaimkemjen,Ytwalxp,H63TEKV5BZPRWUZ9,1933-05-08,kpl
A19lCwU1C8oQ2dv7,Jtwbnaxgbbt,Imkntoj,5HXZ7E35PWM4M206,1957-06-20,xni
3SkX4rMOODVi4p6t,Mlcrrcdurgi,Epnhijh,WNC7QEX6FUOSKAPU,1963-04-23,igo
DiGdo7I29wxqiz1C,Tkgjmqtxzic,Ysdvylp,OQRJ8VK3U4M7ESXF,1997-05-29,siq
HTXsS4PG99zYceq6,Mdtfkfqwnjg,Efqzsoj,SZP4XEDBWN41JZSA,1929-07-05,kla
tJqfAHU7Q9X1xcOV,Nvkgbplcrqq,Ytmjbvi,NNL90QEW84DMRWDB,1982-04-30,byo
utpKDXFidDyrZ05f,Cyvrnabgwxz,Uwxwtfo,RO76DNI6B1TX7L63,1994-12-14,bqa
KDvwpZorrFUJfSJQ,Yelvtpjjvor,Bxutvwn,IFL46NV10BZXVBK0,1947-09-30,rnw
umq2kyaPoH5ftCWH,Nchkqoxpgmr,Gkqwltx,I2YC8KJL43EKHY7F,2001-08-11,lae
dcvnfLdJQhWW24YT,Emdwlcnfymq,Kwzmgup,JAZ027QORBJ8RBS2,1931-05-08,pol
Dpi9qlbeAQBmvCDJ,Wcaoysayjvm,Tihqxhm,3S2BQUCM6J3I6X7N,2006-04-19,tfn
CSJxWOZZpl2Ejnnj,Jbxnfkombzp,Ogiqhej,PYJ0YMK0CZRRQO6E,1994-12-03,yim
QfRWUinK6jgzGDhX,Jsgfaxtlpdb,Ebvvnee,06BHTJHOYG9X2Q6A,1963-08-30,waw
dAOd59FEjrvTTglo,Ezhyrdlilat,Fximbke,DBCV4XFKT2XQ10E6,1996-08-06,aqd
UU4gmiKG8AncWBiI,Oayyvzsstsx,Utyskrb,VBYPOA6GCDBXZ4HT,1960-05-14,bqq
U8WN4uhCngSgbUcu,Gvlekdqxkcn,Svzfbsw,BI7ZKRIST64HM739,1990-08-26,chp
bVkEcUTQc3K50Oul,Ohbafvfsnkn,Kogcrvw,XO0FN8IOWRWCGGH6,1987-08-22,thm
pDpSi3tzGXxo2ykm,Ewqexzyrsyz,Bjyiikn,5R2GSQIQZ68APULN,1915-12-18,cnt
2RyPe91NyqRmIFHG,Agbvatjigxo,Cgsmcyw,O5FXMF42CWSO0V4M,1988-09-19,pix
jxwPff3GSdxcilA5,Kxgqgqdwwln,Eemynxu,K1FXUFZFHXT6D97Z,1908-11-06,ghc
z1JOKOmAxcj1mtN1,Hxihwnawtof,Goaayot,E59DWZHCQNSNBR80,1951-05-01,jus
W2bM2qGpYnOYYBtb,Iirjoewasih,Zcpdnac,4LX6CB84AF3EJLKR,2001-02-19,gid
p2zxz2aWKBtmALWk,Hcqpmkfmalp,Kpandis,D3WZ8D49FIRK6O4M,1923-03-25,bqf
zxQnDEzUnYiGYUMp,Iaoohhjdugk,Whlwvhk,BLEN5HG71ECZA4UE,1934-12-25,bbc
nZOVCpMya7ohEzme,Jypnxrsllct,Blphrdj,9PHOZVGPFEXVJ3II,1922-08-12,uga
5c5XFQsjceFeVLCe,Bgkhejgppum,Qjoizmk,S61BZTEP085E172V,1901-04-04,mnl
4TSHu7vQ0t3L9R9j,Jvnhpwkalhf,Bhoecvn,XJLGASB060ZG13F0,1987-10-27,ywu
22po52vuiJwAEF7r,Vnoyupprvfo,Wukluyg,PWXDCK8KK4S6LU99,1962-10-18,bfd
Pz14fAjGHd96Jcn9,Pbnlnsjxnpg,Ujmqyij,T2SDW95YPS5QSM81,1992-01-09,rnr
Rf2VSmiTcOnqewbR,Ejshgkkokbo,Gcqjlxj,9EN3GY5SJ7Y1K96D,1972-01-17,inm
rozuCIKi15ud9VPt,Umjsxmmwjvb,Zunsagp,QONI7GGEBMR5QN8L,1911-09-13,gsp
VZBZsC8oeEY8gAeL,Vmscanqkhgv,Mpcdrmd,TMJQ2VF5SMXJFUOF,1963-05-05,pio
TMfQkQiJZf1P1DFl,Mmkzkuhuxod,Lncklrc,GM8V5CBNA207PIBU,1943-09-06,fon
hxM3LPmtUGzXgKDb,Alznffbpwyq,Sospqkw,9E2V6SSIGGZVGK7C,1919-08-27,mtw
DLDbYN1yov2dnQ56,Tnvpcrpuwtj,Gblhlpn,V5X5QBYIK0LM9PG6,1989-03-01,ihw
GuUmo6mJKlrAc6jB,Qjgvglusqzf,Pkvchjn,404QWCNAEO0I4VVZ,2011-10-28,pzn
HDB4M0lUmtgWNKvZ,Vqjizsfpaad,Axcmwof,49KYWLBJ3ZEXTK6A,1964-07-23,bfr
x3VcBWDHXpyVK6fU,Yotlxlmbyco,Ftpuqkm,23QF9M2UWXALGG2G,2002-08-03,dbg
kX0aBBWfyc6v6etm,Cnipqwwdtvl,Rkfnqop,NC5UGZ39AO2MNMIN,2008-03-12,kjz
H2NXQGFR3yTgun6L,Ovfolxctdfi,Sqeqbld,PE5CMM7I8NLBI39X,1991-03-30,nda
DcMNO86qMHjLyp8d,Rlhlmuylpmb,Yewwgny,6QM8K3IIWK2ZV827,1923-07-14,kcc
1MGXrK15PtL4uLlk,Ooftsahzxhc,Sasttgc,AXF0P6S0WUVFVCLE,1904-11-14,aeu
RjZE9DFFmmBBdBsy,Ypquxkawupf,Kpkxlgq,VKCFQ87X4O4B1YV6,2019-09-30,drt
L4pA3SN3wVoV48EZ,Fzawocaizye,Idjgdcn,VY5OFTHSTAMTBOYI,1907-08-26,bsc
YBzAokg5CipLAr8F,Bbegrxdkhxm,Eqvmxqx,158LR5VMVK0516AI,1944-09-28,hot
Jq9zAu4d3aVITsAG,Nrxsukicedv,Saostkp,6PF3HIMBJ7GM3QPD,1982-01-07,keq
afe6hV3mS5YsTxy4,Wijszvhjirl,Ztsorfl,D0DGJKPYBM8202PS,2017-08-17,swt
JXwUJcfFiarA9v0W,Bfjvtklmvff,Hncdzvn,FKV76Y2XQX614ROC,1989-03-03,kfz
VaKgYUK87iLq66Im,Uulqsbicnph,Fprtjfu,R1KI2HZVZYAKZO0H,1972-01-21,lmy
MpJj3XEYkfuL4nbk,Igiajxkrena,Xmllnyk,8SBSXJBPZGN1SS7U,2002-11-17,tmz
UfG0XS0eT7cn5edJ,Dmbeapdutus,Beeqaza,PCXW7XS6WMDI3KEV,1955-03-18,uzn
aG0GxPR31FLOJTz9,Rexeletvhnz,Pphkqzv,9JTPGE4ZQCA5Y9TE,2011-05-03,npg
MwK03EKXb6SqxQCz,Quhnkuvbwcw,Bzzcdjn,BJY8BJBQTMD27JEF,1937-03-05,gvp
UWkIX5hVN0ybmq1F,Qcjnypfhvxi,Camliqr,VP58ZY79BUNCS8N3,1910-08-17,dbj
yTygTxoQIEKpZY0p,Ihnjhmrwvqt,Xukabjt,QJWVRR59M0ELVM0J,1959-07-29,muh
4RdBvkANF00VjWLo,Bphwuadxdwe,Mfuehui,WIUHSQDQYH8U16JI,1909-01-26,msm
FrTvfjz15XylXzqk,Gyqlwepkmpj,Drntytk,FHOAWG5NUHHQ2OI9,1930-08-24,jkm
Oou37MFEjqbRkQ9Z,Luumdrglbuo,Iyzwnhr,N1M8ALKNXLHSC5NS,1949-06-13,pav
4W45jfGKq7NHsz9l,Hnlfizatxrd,Aknmqcz,NNIS9SZSZLHOIBGR,1963-02-04,gni
dcm6zdyZe2kNKZUY,Rtidvslaeho,Nlkrnbj,R92UHOIJE6R4GGUO,2007-07-19,kwa
uMJasM7AcJCDEwlP,Spidiwbsvly,Kppfnoc,R6LQ3NFL194KCX59,1936-06-17,scw
0sNaCysETvgN039N,Suwzcibhrfu,Cawaksh,CGB02MKXKR1136TO,2015-07-11,kgq
huSWRSnFvSAaKRs8,Tkxawnkezuv,Gjfxqxn,MYSUJR3VB2Q7VY65,1954-09-06,mbv
LVxXWbieSE7tIpzf,Vxopwnfyfby,Lqvvqpz,6RDH0YR14YNGMADC,1945-09-28,wbl
pJOldxwBtfPMgllV,Nxzsdlinkca,Zianoxw,QSYIKB8YH5HGNNOY,1900-07-23,mtj
2bTDBmQltfjjPjdC,Senbtunjrfm,Wihoxew,ZZ449ZU7E3P01UX5,1983-07-18,btu
bxZ8OdUh43ee2KAu,Zcogqjyzfap,Omrsgoe,IJAIJ2YOITUZDNRM,1983-09-19,maw
Ttnqu2FqkUpJIfG6,Hyozcsejpnz,Pcclfep,AJI29890FL5602UN,2014-08-26,diu
vZai2qb0gQXDhNZO,Oqxeiuvgpqd,Obvrunb,WHEUKNAGZWHCQWIT,1957-05-26,pby
VEnHbsoHdFVAhtL8,Crcdnqltkxn,Kapzsci,HCQH1NVCSQ2OLNXU,2004-05-13,zzj
awOJpVhZ6BOXcLm5,Kbqfhgxyfva,Xwudygt,SXUPTBEZQ51EI2Z8,2003-10-03,yae
zseC3Ntq1LIFf0H0,Xogmjsbspmp,Bbzkhfd,3RG822YCKOJB00FA,1952-08-22,gmu
S68Ns7fJjsrOYatD,Vndeltqsidv,Zqndmzh,5WBHCGGAGT8VS28I,1927-03-26,ubu
FgdoP4WQutE9bZ4T,Vtqtduvunmg,Ympdlgw,36DXT1JNIJ22C91G,1982-07-21,wbp
JSqdvhgLZlx35V8o,Mgsudcrbtnw,Nynzott,125SQKXLYX0SBVCP,1926-10-12,aas
OSFwryq4ATt6UiuR,Ctaybotborl,Snigeal,TRW9V76Q971R7JM0,1966-07-21,jko
0KPcy8TwcAlFREvS,Ejvsfqgwsjd,Sdszgyp,DZM6ZHEWEOUSGAPJ,1947-09-12,xoc
3aRl26ieqzNX7uKx,Ltsjcaydrzj,Yhasbuw,JDOAMGOHII3130XB,1938-03-27,rbl
OsivTH66SpZRQcL2,Ivngjxahelj,Icngqig,10O4D1W36ZSS1P1P,2000-01-17,ltn
3i5GhgzHhZ3dze85,Kwqhomqewtr,Idtgdwk,BVFB1043F9NH9YQ4,1931-07-17,sll
5dNN4oSZAnsaLVxi,Lcahsifassu,Zjlcltj,AXZJMH3ASRHSJFK1,1901-06-27,oru
2vJQj0oHXPiHQEmU,Tycxmrufmia,Hoikhmc,DVQULQIOULCKQZ74,1994-07-06,tpk
gElLZvIUZL4sq4dW,Mqswtvekfno,Mjgcqhy,Q5X50P8PYPDELUL1,1966-01-25,wji
NHzLlbEZVJFwDFpW,Bhbkhsxpcpq,Uugcccw,JDGZXH9MXXCJ2CYA,1931-11-17,thp
4GOEYhcoUDFcM5ZR,Oshzvgxgsgp,Wobspzu,32WJPPRE4RF4KY89,1906-11-30,kgo
5iRkLoPDjiFNjiYD,Wfuahgnfiwb,Oyavybq,8CX6PR8VOY7M201K,2012-04-15,yif
5ZFAMNHZZlv3u9hB,Fxssieipgge,Uazxgsr,56FE25Z3N64S3VAQ,1926-11-20,tkr
2PAOry5R1Dhi7DA3,Azmfapwjoii,Dnphzmf,HGIX3ND38XJUWFIY,1905-07-09,sia
it5S7ueIFnRHY5qS,Gnwdidwsccw,Wxemkxs,E83TABK0OWWGL498,1955-06-18,dhr
oMRFgeDCUex8RtQQ,Acumxwgcrdz,Gmpsqeg,1INVQH5JXXD9K9HM,1969-07-28,tku
KBB6t2xGpgQuHplI,Bgjmmdqogid,Gtdunyx,2Q1S2K1OOVIFYY1G,1920-02-12,clw
u9crHqZsvjRzEMfe,Rhcqxfnqfmi,Hzhrgwl,B9Q1I9P6E0SE8KCT,1962-05-20,rwa
tfS5Z0ks7fnEBK8c,Iucxcbszrlr,Epboozf,18J08P23HJ0R3CHY,1980-06-21,fnb
iU17J3C9BVDa7rqV,Bwxlupjohap,Ixxzufd,6RLIZZELZK2KRUQR,1938-02-10,bdj
w6PKGdUHYFfLJW6c,Qdonjtelsud,Dlcvnym,OJW3VDPAX2XKYRFD,1952-11-25,miy
JW3ynePvvokwInrz,Fnraebnoiuu,Nrjindk,SCBJ5ACNWUWZX2HP,1908-09-08,tlq
aFHWSgWkx1d4phoE,Geurbhldwbq,Vstjfhk,S7QVP6I08SGQM806,1925-08-12,dgt
iLMRBV8I5M4TCBnE,Nmquqwxuxvz,Idsxops,ACURY6NZZK4KJV8E,1948-10-23,lel
tIsQtBz8CSS5TGe2,Iuplfruwwjz,Nplaqvn,AS0GZPWQQ37OPXR4,1960-10-16,xbm
aALx8vrkLP2zMhoX,Pzuqrnijbay,Flaryeg,IOAT72LGUP2UUKUG,1960-12-03,awo
JNQyurc7dZL7DR24,Fredfpnlvfo,Ftzsfah,0JRO7CV0RKDU6YU1,1967-07-27,ugy
bpqaHHI97zErmXCb,Uqfyipahaeh,Fuesgtr,JHGTRQ2XDO9VCL0O,1907-01-04,mtj
5IYeMombd4mAMqV3,Rlludlyirco,Yqdcwuk,D5ZQNL2G7FVN1X1Q,1956-02-26,nii
RzNfflSFxz8TooKP,Uizrpedrhso,Vabfhwj,C9R95TKPRVWYCM1O,1982-11-20,zpj
PSnLY0N0iU0fRzGD,Aqljiceopsy,Gitcqju,DLPX3H0W0SSZ1TY1,1985-11-16,mfx
S058rCCfEJUtKnUF,Koihflaxkuc,Bcgxqrn,PURL1CA8BN2QVUEO,2000-10-15,mtc
dv7nmbhaBYTlFxkJ,Hsivmerwhlb,Tcdhdvj,KTKZ6NCO8AQHQ41U,1930-06-14,kph
R5uT4v4mk1flSrXw,Gkanngxdiod,Czwnzrs,3IIA98TR50NC4B1S,2016-12-27,cnl
SVfsHdIKOcRebsEq,Wtwvuonnbhn,Wxaivuu,9L1RGTXMOQ66PHYZ,1909-01-09,nmx
4wXhBbwuCurQCFLJ,Xpysifqkyjk,Ykpqcdp,SAGJWV6JG3TK4ZNI,1909-05-01,wyy
6NAiysEIELDurETF,Chpxnryzwci,Wctiqds,XNXNNCLSQWYQBQPW,1954-08-03,atz
ZmKZS0TeEVWss9w7,Jpsfbphmfvc,Rdvlvei,KX23EH4NGGJTQVD1,1993-04-03,knj
cbI7hyBSz9kFQR4y,Iqqkiluctye,Dvzndas,HKG49YE7825YLONB,2004-01-06,ksj
gwCJ6QatJD1Lw5o1,Karlmsczkjr,Mdodgpp,KHFK4860TCKS37PA,1913-12-27,ukp
dYBJL9eVpvFbhJfY,Cpklkedfmdi,Vcvgkcn,DCGCY1U2M44URJ05,1923-01-04,ais
uhHnzYalsV27Ub9X,Wqmflfuakba,Xuoplwa,YAWTOO7FSRF6VTY6,2000-02-05,tng
00d7Z8SUlPQF3UQy,Jqecugcqsdf,Ykurlvg,SXW0FA5G30XICAQ4,1916-06-04,efe
GMUHPRz55wuQvZEa,Nfkfqsiimnx,Lxcrzot,IT6Q4SZI5AXD24D6,2017-04-10,bbm
dQ0yga9CsuLmqLc5,Ikxzwepehab,Dspniqn,QUN2IX1Z9NB7VBG4,1960-09-28,plc
2xuLSbT4sOKcxddw,Fminchiwzse,Ertorvl,XL4MSUF7QMU9UOY2,1930-05-02,ise
fK5tFqZIoGiEyg2Q,Liiotzyawdp,Yzsnrqi,ETVVAE8PDQVGEL0B,1939-08-21,wrn
frPMTWKIL7ECZj5w,Vgxdnvcqddl,Txouchx,9THSI8Z59B4SKJ01,1926-02-27,bop
nFeR7JpxfAwgR5Kj,Vyuigdnmkmm,Rnpdpot,QRYMMA1V3LQEIJPX,1969-12-21,xch
ZYeUgnd6xy3aY3tj,Oufkiyorwjf,Hcctrgr,SE5OFN7TYVK0CGK3,1900-05-03,ruz
4s4JeezNwtZoEZsi,Sxagpgvzdhc,Idujfrq,1CWJMUFTNCLVF7ZR,1920-03-22,urt
D3rmT87tmLHPM4zt,Wnczgcsfmat,Pnircja,UP37OUQAJ9ZCS86C,1973-09-10,lix
x8jLH6qfUJZ2aR99,Kzbdhqmqckh,Qkrteap,CDF1DKVY0Z5X9X4O,1919-06-03,kuw
NexOfCQ9IFlfcRLi,Mbcnxixlhiq,Ahdacfl,A3O3OIXKE0CXOZXA,1925-03-13,wrl
7Ep665p1jDXD8YII,Yzpesxuwrzj,Teruldf,BGLGAEW7HEQ6CZKN,1941-10-25,bzu
kdLi3sIoeCJKAaqx,Jgqhlkzsypr,Kaylmzl,EIOVVBNEPPEO6B6Q,1965-02-23,yso
3tLIhNqJpJXZrMyV,Mapihqjedum,Apqmzsa,8GY6AAPX4A19P7VP,1902-03-09,rsl
tpewzkKMlUoVvxL6,Jkvwzxhnnzo,Efeyckp,TWRGZ4P5B3XSHCI2,1961-04-21,duf
0Rh4k6xNYcYXkfkD,Ezhhrxqrzja,Ilfvwzh,KTUA0KPGYS416BJ1,1932-10-31,byw
iAxK5iMLqK3mvALI,Brkuyntbooh,Mhyoogi,RJA8GSG486E9GO4L,1930-04-29,kfp
6a9y29qFTPoFmLz0,Yvhdquqoooh,Tivvkvx,WX0J943BWJTYOEK0,1917-09-27,khw
pP6A8SDJ7eZQXs89,Tdpudcmujwa,Znxmeir,4NTIO11B3NVTMZSN,1940-09-07,kbt
eJkywJpZNJzhqjZy,Cnjuupdwhwf,Arziyfa,H81IQVDUARSLVU2N,1921-01-30,mto
j9SuGVi2A4TarGmU,Bdnavtvctvu,Kzuzanr,SJTY796UZGUOZ52R,2009-06-30,gbr
Rkm9HhwDOweWwyns,Ishregtyfll,Bpiscyb,T6MWD2YE8W8SSPEH,1932-06-04,lhl
99TwDCxnx0djeZwY,Tlpwybqpuuh,Kxzltmf,B768CK81EWZR361N,1913-01-28,yby
pOhUuituKZb3ivRx,Khrpopmrykh,Nuwcllx,AMLM70DFBOI8VIZ4,2018-02-10,tpf
XldnYx2B39VlkDPX,Uhgaflttdke,Mobfmqx,0ETUGZEZ9S06EQUE,1968-08-15,icr
PxDowFHDeoy1Ie48,Rxojuwanmqv,Tunvkit,F1CFZ367JY7ZG6OA,1909-05-12,gce
vpMYu0qgKNZqyspt,Rydloxyuczo,Acromsh,19SGW0EAL7C8U2R0,1963-08-20,ont
8W08MgpLMA2PK2TL,Uerdwitwjzk,Qhryzlw,E8OABQFUI2M4OM8B,1920-05-16,mwf
jyASbYJBRH3CPCNZ,Imtbsrezsyq,Diwbkng,Q11QMWE3G8IE1854,1913-10-08,tgz
VOr6JJcxYqyvpLuR,Pwabptirvzk,Fovqxjh,O5S3QEOYBCOTWMF2,1906-05-23,kya
5fThH3CNwvrSewDC,Rafjkykuooc,Ymuyune,EU0R1F5YB7F8JS9L,1974-06-04,alz
PhlNnSV9rQZTIkby,Wicdajjpaxy,Iwdrytv,K6XGG54C93WRBZKR,1909-05-19,ire
hIDBPaunYPiCejDN,Uadkbmgucyz,Gtczyvk,K97N6PJ3XOOLAJB4,1952-08-19,neg
9JnBlfYzPRHGFfYf,Qxchacsbvro,Kpscdpx,SDP6C16P14WYC9XF,1949-02-24,jdg
YVMlZVM3QMstiTJ7,Iokjthfxjwg,Bizrvqc,6FA8K1FIKWV98AX0,1944-01-18,nao
ISkHLexMqHvEG4yX,Zlzfitdyllt,Pklbvbp,P1Q2T7X89YAPHDAS,1928-04-30,oty
nIPMxoy6FMAL5RtM,Zlwfrmmxlul,Tjzzsmk,QK3ZDUSOOXIAJEW0,1986-08-22,ikz
Qz8nhw42VBTNNstf,Vsmrjhvszmm,Lzvcgmq,I36056GLJMMW6UZP,1956-07-30,wni
BL1IO6MY6OTeD4N8,Qvompkvrzrx,Awqxziy,8ZR3Z0V7GC2PHJ2B,1923-11-30,kji
ZrBmpG1KCS2k0KFB,Cpaforejioo,Vobjmuu,X6ZGBUMTTH0DS2RE,1967-09-23,div
c2i0RzFuOnL7FIC0,Rozhmvaebnc,Lvomghx,FJC6JU5V7TTQ8KIP,1911-03-21,ccr
G54PkA43T4cZKqS8,Eilkcuxvhui,Ichkjoa,5GB4V3HXEJU2VZSZ,1957-01-31,ekc
rMguau1Lj645r4ip,Dhexfcrirtk,Rvrlypo,L0P6SOOZVV2LZJ9P,1968-01-09,twt
N8ckVKqSJcwLABOu,Azutfkmljgh,Ivgexsx,4IEBQQPEUTRBULEL,1966-07-21,val
cYRLZKfRWzPsueVb,Oxefthdxmgy,Yvqhawo,3QGV2AB7JD5T61UJ,1994-08-30,azz
SmcaEwD7eRdt6tgT,Bkjepqeakab,Kxkuuix,FEZU0HUDGOUKGVMX,1900-08-24,cns
weHmQ6icNxQpCEb7,Jklwziuiqdn,Ixiwsmi,NNBZ67LA3FJOLVLU,1914-06-19,set
JdKgS0AamUxynTMc,Uqwtruocgba,Rxjvhss,VZKAREGP72TEHJLU,1910-07-27,cdg
kG9davD6tJkdHKPw,Fxanrprdrzt,Wvgndvr,TDTXKBTB5OYTN8U1,2008-10-01,bcp
pm6WZcLrQ5h9mBw0,Pwzdrxzoevo,Nzjiqmm,1UJV9I9PPTKMGEFH,1972-12-14,moz
uvMP9eYZvxwt9gjg,Seirhufhkiu,Zqommul,BRQU81HS3P21VIPE,1929-03-21,kmt
B2uDXpJLrjmsDrHm,Osuicssnvaj,Edkjzzp,SB06YR1NP8FEDVG3,2008-12-01,wru
V74gNdSrjPj4RzkT,Saabmyygvxx,Uwemprq,MT83NX9SSPE1SZM5,1970-08-29,lgl
Gz1DXASi2bpo27Ne,Fdzjwxohebu,Nputipp,5L1HPR6XSPZ0HQU9,1928-01-21,rir
0tnSk0zRlRxV9vG8,Pxctteggcwi,Dukxfjr,ZWGF8TBUU39YTR0E,1956-08-17,wsv
T5t413auZRh3RuD1,Ujpbygplkby,Edznbdk,A0PTPB4FZDYRRF35,1971-11-28,rmh
KUU8UwIJ47ahUupm,Vgtpezvtmjp,Crizwbg,8H02V072CWPAGQ88,2005-05-29,lid
C7tiGQ8qXJptCtyz,Ysuppxvwetr,Iihsopc,XJKM2LYGW2IWT6DW,2012-01-04,tue
g4cNiWFu0CtZDkmS,Yxheqcaqtde,Ukcomas,LI5TTUVWX8034I7W,1944-11-22,sjr
uDm4dGLL9JgtZiZ5,Zvuueklnbui,Ksdywvc,EHPO2EE0HF3VDPUO,1961-08-05,bvt
0Hg946EQeaVghBlz,Mwcjazsyxkx,Qayurxa,10NDISRB03DH9ZRB,1965-10-27,cld
Iyd1mscS1uX4Fokl,Jeoajcngyen,Xkbqukk,8W2E4PT8CXLPDY1J,1980-01-16,lbn
mTIIHxuKqJM34Mp4,Vgjhnydiocl,Vojzblv,YBOH3ENW1XW3IZY9,1996-07-23,cnw
xJS9Uocqb9Y2lZJ3,Irozltlrroa,Mipcvos,JPLYJDYY7XCIHSRJ,1957-06-22,pto
l9T6bAoZZUGOuYvk,Mnlrgpwhojo,Myvfvmc,DIECKADFU56F4MXQ,1975-08-09,pss
IVMB69SjTRx4ojti,Sspfychikwo,Nelnwqa,GSXSD3H0PCVJIY1E,1963-01-08,lsg
nhnhjy8RMIJEdmij,Jhqeixigksi,Thtslhh,3L748IADODKGX15E,1985-05-11,nzs
LpFZN5B1GyGs5dBk,Fxhgkmhjroi,Nqgmwnw,EAYYSSSNZ5KQUEG5,1915-08-07,tmi
q6mrLbwyK09UdmGK,Cztibmzejto,Scfiomo,PPT5EA88SD8YWGGQ,1902-06-09,gbq
4zbNtxvrcyNTmfo2,Pmejpofhyug,Nrggrjj,MKNDZ4B4E3SC4A0F,1920-12-07,abw
G3BYB0dRR5clcCFx,Lxqrkcocxmi,Ylzpiak,N8XXIRK9FJV1YS78,1949-08-17,loy
E5P6RV3kIzOGlSym,Wruzfbuwzob,Poxsntv,ON79T6DO6SWT0USI,1936-07-15,lay
sEgVmnkmkfFnaDML,Dywgnmfnvsl,Lfcwivq,PDES8X55U0DLOOSX,1954-05-16,pab
Cw1ghUQ2b88Z6VrT,Txhbrnqduvg,Gioasyl,SGB329RM7P90DOTO,1963-08-12,nwo
HqjmZPtl693jYBBv,Ysuujkecwuh,Bhsqynx,PR1TRYTLZIY761QY,1950-02-15,xmx
3DYO1OJ5IVCLEkHs,Thnlhibvfsi,Pqlprgf,ZD1AQ1G43HW88FCW,1995-06-20,tef
6d8j4MwBU5PpqbWe,Yjnrixkqepd,Fceuczm,M8RPH1ZQ38IUIYPK,1961-12-09,ypm
D2sKlt4UUL2oibf9,Pjigcohmsek,Bvmlytm,YCM746SYK5CPK8P1,1948-05-25,pkb
dE69ySf58hQxynDx,Wqsubdveplj,Vxjaaqd,52LG32K6ANCHUB5Z,1926-11-15,raa
k3ROC904L8qpvaK0,Mkdrnlzpoqa,Gummnss,HTOFZ3TBPPI68DI5,1958-03-31,dtb
L2fXrVBFQcvDdwsd,Rahxnieexpi,Mkmpnzf,8KY5S2MQVQ8KGWTZ,2014-09-19,gww
Zp8eG45eLG9RGRFu,Eawvjrzndvn,Xtziygq,AS87W6F9KS6ZW2R4,1980-02-01,ega
jRcnoRStIjQefdgT,Xilxuyhmjrp,Cmumawh,J2FM2UWE7KPWMETU,1937-08-07,uar
F5MWt2CwqUzU1KYN,Ateukrivbui,Sauoiwg,UUTBOZJWU0UQPUWG,2004-03-15,bup
4R1RtZvY3WyZkxkG,Wjpxyjmywtw,Ninxhhr,GLIA6PUR6SUB6LP4,1953-05-07,slg
ELsWGQg49r16x9sZ,Kptikkjvjqj,Ateeqjp,YMYE2TIMAST5IJ8N,1993-02-24,xxr
5VGdlAuduGAiE370,Kqawlrulzkp,Ptgtzot,K6I32F3NORM9V9EA,1906-01-23,cob
CIk0PmODY6MrUpn1,Shterxdrlix,Rhenwey,J1CPY9IQSVORB40H,1993-02-14,lag
xQYV7X3uOs3bkhYF,Njcauguhjzk,Vctphvd,Y6NVC3YH4577MLGV,1940-05-04,kud
6vfe8hPGPgWC7AVB,Ptukbxkgcgy,Szoxrug,I7R6LEWE9Q9QH7IV,1959-08-13,mws
o1g9O68RONCbZsHS,Whjmeypawjs,Tdzpzxh,C5WKBSIWGYEJH6FC,1957-05-08,yll
CZE41Cn1niOrKZry,Gyfyvxmhnql,Mndjxhf,N3EA4VGBZ3XUZ5CL,1985-07-05,aur
ZBqlKPL3nrXmNsrO,Nlmchmuvzbg,Exstnfc,UHCCRRWJRKHB4NTY,1939-07-23,pyu
4QYIESIlDJLIH0f5,Hhqnbmxzfmz,Thmsuiy,EZPPB010QSBQASZR,1942-01-07,adx
GUwxlb1whlsMYRJx,Mlssxelzzbm,Qogfyyz,AZ0RKJEV81Z3J7Q9,1971-05-20,rhp
eqKkHlkk9zCR8zBK,Licuydhrwkn,Vjfzdru,BCR7APJGGBOPM0ZF,1958-08-28,nkf
B8Di5lwhabaPwsTn,Kozhycddibw,Hmjsdev,KPAVG8Z7L6M7OHWO,2003-02-24,kqi
E7VeYwvMznkq3HbQ,Ggmohgftvrg,Hxgrcjl,ZO11COZJ73WAG412,1952-01-03,iii
dVJYOocBXaH3YmLo,Hgstictaevs,Uqarudt,5WSX9S7NWHCHHMES,1935-07-23,tna
VGjFhkYEtpOYPjZr,Nlswfnukjbx,Kxyjyxk,8WMX9TQ8J733MK61,1948-03-14,end
7xiuy6aTcVeUAMi6,Okhjpapuiem,Ckdecyq,B02FGJXQHZLTOSY3,1973-02-28,nyl
eRkgJEGdGIaf8j7s,Oxolzyjovhw,Ahyfkmp,4JKPWVIULYGTYG9C,1990-05-03,hnd
dqCToVMX59gcfC72,Bkqfcvgbbbn,Olkbtff,D8S7ZO2GHNSH9E6E,1947-03-05,mio
1D6Db7ydzYUPkfEG,Wcwdsqgbapj,Hvwjzzw,CRLB9DMKRWT7BJ7N,1955-03-22,tkd
adqhIoJgbvSciFUY,Rfanvbwoweo,Jbhqvvo,7TKM4SW0Y03J1LJ5,1910-01-03,onp
r0jnbBCJvn36TDCa,Mrbcuwcmirn,Wxxlczm,Q87O6B7BKFC82TPI,2016-02-03,yui
MjgKyZQIjcLyvePR,Ukbphcqyzqu,Lxinbsp,YGJVC9MHVUC4DRT6,1925-03-08,nli
4MNGgMyPQdzgX4P6,Qczcjthvefo,Nsbbdul,K89A1C5FAAU6DUSM,1928-06-20,bmf
7b0rCktxelQAt4nB,Aaxepajkmdw,Vvgpcuc,RHF088GWRO4E66R8,1931-02-15,goa
n4y6MMlLaNrhIGiC,Ycfogbfcuhz,Ikzxalt,1IP38TVTLGGT3AZ7,1981-02-08,kvi
BxVKXpEXAkg8udmm,Haxxlreymdm,Blzmwal,STZZ03F54HR98JUQ,1924-10-15,bsq
7GB3papjCuzJpD4w,Fpeisapkgrn,Ansakfg,KSAZV3CE8V0CGS80,2015-03-01,ali
CaNaKWl3Vh3OL5eZ,Imsibycvtfu,Jrlclyl,S3OR9PYC7DOMQXGL,1980-12-24,tip
sw3Ibso84GKMVWQG,Nbxvgfmylqg,Ebllqsf,PBGPXFTG2XGMYCJX,1996-07-30,kal
bEMgiABmJTxPIQgd,Zehgyryqlep,Rpzrygb,JJJU6V9J7AK90V2A,1960-01-17,nix
Hi36HqODPU8Ok86o,Nbfpmwznivg,Agkgooi,QPOG6EM1E0UBEBUV,1962-05-03,aij
HJeENh4aUMvT1jcz,Sgvpbvezinj,Acxgjgm,LGD7KRQHBJJUGNIB,1926-10-10,klt
97Sj9uZVtU9CZ7qx,Hergxwwjfum,Oqflhjt,OLFT1DR9V2UWWEUI,1962-07-14,yby
M3a27Q6Un0IfmJAh,Ekjqetwsowi,Uhyqgcr,GO99E0RBOXVATHUB,1963-10-17,geh
8qpVwTXTOmcLQEAU,Joebtbpajmg,Jrccjkn,8W6GWY5CCQ9ZKCG4,2009-06-15,sia
xRneTooAwDKMS7C1,Vqpnhiiodqg,Jhocwvl,FMR0YYR8D3IM74OW,1972-12-05,mll
1JKaDYJkEZUwym81,Abiibhvolec,Jrnzhuk,D8TKQKLWMCY6ZNLW,1990-07-25,ntk
AaJ7oVYwyDp8IbNk,Ufilrgowkwi,Qpbdjvf,OOOUVN307WVSI0ZA,1965-01-08,kmc
vTZp2TEV0lLfwiML,Oqtjeburtoh,Dsoffwx,QRNZF1PIQDDV8LMQ,1976-05-02,nam
ZiE5peXMf5FOJsSk,Vrqtvlyfvvf,Byjsjyw,WADPDMVNLBRW1DE8,1959-02-02,prw
gQTQ9XMo3ORR13eC,Gbzludxqxgg,Ifjtkpy,ZFTIU8Z9FK0EX9CD,1993-05-16,gbd
uJbBZDGKdWLfFhNq,Adskxvseylt,Inpgszj,IATI98BIHIE8H5Y1,1912-04-09,gqu
pFZWtdsVOqnuOulD,Demnfqbxpdl,Jshaynf,JLWFL69052N00LQZ,1965-12-04,ulf
9oJhxM8G0tD8WyGq,Qdmfzrgxsau,Nivwirh,NYIJSFPPVSAJXUOT,1959-10-15,skz
m2t0GAyQ7P4i2Ywu,Mpvmsalozro,Xsnbrfg,X39FQJUMOEDV8T7R,1940-04-11,bjg
oNQsfR9VAQ8LC0IR,Eoaqaseaviz,Mstpvae,P64YQ9DF214YXIY7,1956-08-25,baa
c4VITD98t4c0lL7h,Wxcsvfvticm,Ovwufvw,2KTV3C5L353AAQFL,1910-09-07,kcv
mjXwQUKi59vJLNrx,Stduuwbcreq,Rabmkbr,5AH4EQ9GVLX03LU2,1949-01-16,trf
Y9Dbj99zo0PdOAuL,Derhwgwhymi,Fqcrgdb,Q8YOF1O73G8D5PM3,1948-02-05,paz
oM9QwJ608qkwSp9u,Bfxxremvmvw,Nfkeusq,TXP9LBJW32QR3X9V,1912-07-22,tob
XANsXkg2Q4azMVd1,Ziizeottaus,Psfubvq,3XD3XBDAX3ZFC6JP,1933-01-14,fgr
BmrYFY87h2MwGxB1,Gsixafrwuqy,Ibmxmsn,0YOX3OVN6UVNJ2DN,2009-10-20,lnh
A0mgogiyHeUOIe6w,Ivimbnraxkb,Jwrvpgv,L2XQWC5OGIC3I876,1940-03-29,ann
4PRwpL0HsubjYIsY,Rwyttppmyvb,Tcphzln,IRT2U8XSCWNP2KLG,1901-10-27,gua
aGBKi16PMDKmJaO0,Nepqajuyekd,Duetbxw,LVN5IPN4BSN6XT6Y,1940-07-10,tmj
YUtJmcEU4dGxHKya,Ywvteiewvkx,Wpqyoju,38DWWBW6PRGBBG7F,1999-12-13,osi
xSTrXwHYRuQcdu3n,Suulcvxlkvw,Wahjlpi,EEDCSO8A6J38C54V,1997-09-12,mcz
iaZeM3NyyUHnftfV,Kfetxuvcxxc,Vkonsuu,2FT6DXD9DBURV32P,1981-07-28,nyx
xMaRG43hoPeAbsGV,Wmppvpndxdc,Hcwiekv,Q9QYU828PJ80G3SS,1958-08-23,nzm
yRaZtmn5cR2bMDWC,Dgkiiklwjns,Mkvilzf,MHGPBZODMM0QAFMM,1963-05-01,raf
d6ExZ5ozJ9v8q6nh,Ahfldpndxda,Ekrmmqg,HFFX3QKABN8GSCZL,1940-11-16,luq
gkeZkL65dsEf1xkc,Xhuxlvvvnvi,Gaqphkp,2KMD1CV2CEINY710,1906-04-22,dkk
fZmwEfmsF8qBbK1E,Lrtztnpiaxg,Borfprg,GQ5D6MRSLZ2WNCG3,1951-01-20,tvl
yazKTYiG858TMGKk,Opjkcoabhrw,Orbvxir,H0ZTB4IS7WBGS5TO,1912-03-13,tur
yI6tT37iH1XYNJmT,Ugzsihwhgud,Cbyiibc,COR72B5IQXNPWZGB,1990-04-24,gve
8WaDBj5IwZO7RkVA,Toaelolwhws,Ywysbgt,S6YD6NMPNFXWHUAI,1992-06-15,itv
n2bcp8mOB5vERDae,Heoitjhvqfa,Lzkqeor,6RH7Z5YHT28I7LWX,1934-08-27,tvl
Vxy4NQAauBLgq8Dz,Lgcdujwqbip,Jmpdxtt,RJ7GG2T4C3HMIN51,1928-12-15,nee
UPB9s1xsvawFL7nG,Ynfvqnogawo,Jhdqhgr,5AEEMIRWELNTF187,1909-05-12,kmf
N3ec9mP4vdVd9tYJ,Mswlpucphhx,Ldvrstu,5QDWDLFCIJ8R1YD6,1942-04-13,ape
BOg5pqywzDdSistH,Gblyfpujpwt,Ljbkrlg,LT77AA0H3HLDMTYS,1955-10-29,api
tKTiJfONfjtXH6A5,Lrlbgqfajot,Pekuail,2SPK1GBJV9CRC5PD,1948-10-28,duk
kKG6udlHMqY8mbgL,Jtwzdydmimy,Xqcejhk,1ML1VD8Z89MAYE81,1940-07-09,muv
zx8yKXdRMLv23Bw0,Lpaneqopkss,Itffvtx,36FLT1ZLK791JJC0,1905-12-18,mxf
OBgrkb2r5J3tyLOb,Zuwwptcxnlx,Urmztgp,O4AYH0CDXMV7SBNT,1905-07-10,trm
qOqitgrkZTzX1ysV,Hburewgxihm,Ipbufke,8R3ASFY2A2I8FCZ3,1989-01-04,mqa
V8u4FPh2iPBji5qM,Xawafxpjokk,Lctoizn,WN3DKLH1HMAJDEY9,1936-01-16,gwb
4ooA2F1UZmxI6YMt,Jyttixamarc,Wlspywe,K9G7TPGDZWPTNB29,1934-04-01,kvv
c2lPrLQ4mrDQyjtw,Fjpbumcmkgq,Pxkwftw,W0ZQ79M94QS04UPW,1985-10-06,saq
7L0lfEIdJ23xnV97,Tbnnxnaoyls,Lrxitsz,U1CGDN6D22SATUQN,1975-11-11,agn
H5aKgyfs4WyO4pV6,Qqzmurmupgh,Ngitkuk,0EHZKN2M1U87KAYR,1974-04-18,grb
1GCB2Kli2XoRAx9b,Dskjkvzosyt,Xgwaghy,97UUUU5G74GJ44Z3,1969-09-25,moj
2liGgTR1fwyCmsbi,Doqicwwcpgx,Tayeexn,52VAMW64P8H20CQL,1927-07-20,nyp
cndqbPAhHJ3CN0Se,Dofcvozcgui,Wbyahwv,UNX63LOU7KJNRB0V,1999-04-30,coo
zfcNdtR69Znf1Hrk,Jkdfhxfobzl,Puwloqw,2D9A4SBOHI5AERK8,1933-05-27,isl
VXk5uLVXLQTCnLmX,Yrdrkqwvxjq,Espacvs,1G2V6LNFMAEUI3P9,1902-02-10,tys
MGlXnLOpoApi9Yof,Laeohlwnfnk,Zknzmxx,52WOZK2YRT5UBUVR,1979-11-22,wtf
90Oik0cIUM4BiSpO,Xvqhidbwvxq,Tziixzz,XXLTR4QYCLLPD5R9,1958-11-14,ino
oLVPrM9WGedQtQAH,Itxgxhuqmxc,Njdzpwm,ICYDG8204EE01WUT,1955-12-29,zhw
PKWCn9i9kvLi8jy1,Xbdtbniyfba,Qrbokoi,MPF06WFUCFC3X8VZ,1904-09-23,nym
g806laN32yWsNx92,Kpegdvhyqni,Zawhphh,455GHLYAA0K20YKS,1905-02-05,djw
T40YtqyCKx42YZVE,Tdlnnycsjiy,Ecscyrd,ID4AP32DFA9P3X6W,1995-08-15,sxc
JmbZ5aa4Qr5BUQsS,Lbvlrdsxwfo,Gydxvms,3XG9EG3YLBTWNNSY,1955-07-25,biw
GqSZUu34Q2XfCzsg,Ojvsjbbioqm,Dbzatwi,6S9DT9Q7DYX5UWR2,1943-10-17,lpx
56RiCqEJlHebf15S,Slwdinvmncp,Ymdthml,7S206Y99Y1Q23MVF,1903-04-14,uvh
0gFyY4VdsCXaZMxo,Vtmualepkka,Hsqwccq,786I4JEPQ0RGBO16,2017-11-21,mha
tprfodigIHSvnGU9,Ziskhdmxqyb,Szuuxeh,BAIPF8315DZ01C34,1928-03-04,nrx
rhR5W8fy6Mz9x3O3,Wnatadosskm,Likpwvx,N01W3IQH8FFSKDRF,1945-06-20,hmt
vO0g2dUFScw8BI0x,Yplmchejyrd,Zrkxend,02JKA2N3TDBDMIUX,1944-08-26,nnn
wgx6mmXbKbJVqqZE,Boifwormlop,Iksuyhi,0P9W46PVTDW16152,2006-07-05,twc
L1NxK7koBg5m20mC,Nnmjvzarvij,Ikedudr,E7AQBV9AVGRL0J42,2003-07-09,dig
djWrLPWe9i9fYim9,Weskicogpmf,Qvuashk,WEXCKRG9CB4YQBLR,1928-04-06,dta
soxbrRt2uLWY1qjz,Shgxqmryprn,Myklqig,9NYLPBTS2F4W8GLW,1922-10-11,tpf
7pdl9sngIy7jMGx5,Twhnlsdsmyx,Nctvvhh,HMHMCKE889IITGWT,2002-05-18,gld
Ig5KUccz8cf3rccX,Zgwvbknbfra,Xxaaxbg,8SQ3D8CDA0R8QQU7,1930-01-20,bbv
A03isREKsmtTwguL,Xqbuthkcgtx,Tmawivm,ND4KMSXDOCCNU350,1950-03-18,kto
lASDdV08ONQ5G47N,Fxcilzsylku,Htkqqbx,DW8FWGIXHMRQGPEY,1909-12-10,hmq
beZdavJBOy3cZpwv,Jgtxgryyrzv,Mgmmhgk,KLGXOAA7JOMFB3JC,2000-11-29,nph
u7bru3npohoWjHnI,Uxjxzqtltjq,Aihxkqf,9XWVG4ZAG3IWJLFU,1964-07-10,plk
dQqomS26vFDyKEvq,Rtwccwedirg,Pkbfnwe,DURWCMFGEU2D5EX4,1998-01-14,hbn
f3L9GlxUtftK0NgZ,Dqghpthgyfv,Tchtbsj,I1WV3AQSS2N34395,2017-12-23,rit
DMtaScxxbyShjLY9,Gbrnvobgpga,Vlqtyvl,MXMXN9PWW2IDSKSB,1979-01-20,gig
JtZGSbLVqh6Y2SO7,Mklctfglktp,Ohquswu,SSTB6ZJUGVJ795KP,2015-07-22,kev
BkerAGPoW4nqV3Ro,Vmnyknjsdwo,Qfisinj,KLRGM8F6I6L5YIS9,1980-06-14,bjo
Tozo5z1FcYyu5oWz,Nlofejozqof,Hltnigh,RZ1WLZOBN9YFSKMF,1902-04-26,keu
1g3xrF6dgy0IbPtk,Gxssgszqzar,Mgesrsn,WBDW5FHF7X9CAYSI,1983-07-10,wuv
13YKBDSNGY2G66D8,Dmgcxveabjq,Iurqxpo,H215NB1NWII5RTSM,1916-02-01,tru
Ck3wSwWFQqApySfh,Ksdwwouefgc,Ztegoty,756DSM9KHCRULNE4,1965-11-04,hul
xp2DU2kSOkogz1HY,Hvrqqwxtwgy,Pxxzlhq,JQIT5NOXMISMNKD8,1940-08-13,jra
n48yhTDOhXjqwsAP,Ugfzoojoami,Otuetol,70YYRHBIKZQ26UYN,1988-02-21,aji
VLobV4MmdQIWWoMb,Jiirjfksmqu,Bpwcvrv,W7SSAU0AA4NWWMPP,2019-03-26,dwr
tNjGf0UOt3zSL2Tt,Elnadrkhujy,Hlcyucl,XKIF0HI5THDB3PS0,1976-06-19,gyr
0jgUv1sK4k0MIECJ,Fhsguiukrcf,Aomrypq,YUJ9CM3Q84ISE18U,1959-09-22,xhr
ZFZSTTCLfOgLVmTy,Qmxooftrwjt,Mavflez,5DZDCMVUHFZLM0UM,2011-06-12,sch
pu5sW5ru9wRPpSmi,Fjnyxnvvhgi,Vkgsxwe,IWN7KM7PCWS3GDOA,1937-03-15,tfo
ws70TmTw0QjufDXK,Mvmziqnuhig,Achvrfn,2A2EAF9TO48BWFBW,1939-04-06,tsp
H2Uqrz48Mnu0u4bN,Adldrzckvli,Xgtdwfm,K5ZCY5MTG30LI8PS,1936-09-05,hsb
rEPGA6JlTZc8DLnq,Ufryelnyizt,Vxtmetm,8H5OQK2PGZG3YR3R,1940-01-15,zmg
ulkMFk9BppLRZI5h,Cmpbpxbizwu,Yesxdsy,UBUU2KRZ8G3K77L4,1906-08-16,avd